epoch,loss,val_ndcg,user_h_0,user_h_1,user_h_2,user_h_3,user_h_4,user_h_5,user_h_6,user_h_7,user_h_8,user_h_9,user_h_10,user_h_11,user_h_12,user_h_13,user_h_14,user_h_15,user_h_16,user_h_17,user_h_18,user_h_19,user_response_mean,user_response_std,user_grad_norm,item_h_0,item_h_1,item_h_2,item_h_3,item_h_4,item_h_5,item_h_6,item_h_7,item_h_8,item_h_9,item_h_10,item_h_11,item_h_12,item_h_13,item_h_14,item_h_15,item_h_16,item_h_17,item_h_18,item_h_19,item_h_20,item_h_21,item_h_22,item_h_23,item_h_24,item_h_25,item_h_26,item_h_27,item_h_28,item_h_29,item_h_30,item_h_31,item_h_32,item_h_33,item_h_34,item_h_35,item_h_36,item_h_37,item_h_38,item_h_39,item_h_40,item_h_41,item_h_42,item_h_43,item_h_44,item_h_45,item_h_46,item_h_47,item_h_48,item_h_49,item_response_mean,item_response_std,item_grad_norm
0,0.0,0.33661212760510967,0.8807970285415649,0.6704801917076111,0.6662586331367493,0.6647035479545593,0.6630110144615173,0.6625521183013916,0.662003219127655,0.6617386341094971,0.6615280508995056,0.6614809632301331,0.6613790392875671,0.6612436175346375,0.661215603351593,0.6610883474349976,0.6610432863235474,0.6610022783279419,0.6609294414520264,0.6608490943908691,0.6608047485351562,0.6607563495635986,0.6732432842254639,0.04767228290438652,0,0.8807970285415649,0.670924961566925,0.6666717529296875,0.6651047468185425,0.6633988618850708,0.6629363298416138,0.6623830199241638,0.6621164083480835,0.6619040369987488,0.6618565320968628,0.66175377368927,0.6616172790527344,0.6615890860557556,0.661460816860199,0.6614153385162354,0.6613740921020508,0.661300539970398,0.6612195372581482,0.6611748933792114,0.6611260771751404,0.6610928177833557,0.6610788702964783,0.6610536575317383,0.6610280871391296,0.6610187292098999,0.6610040068626404,0.6609919667243958,0.6609777808189392,0.6609708070755005,0.6609451174736023,0.6609376072883606,0.6609277725219727,0.6609097719192505,0.6608995795249939,0.6608926057815552,0.6608847975730896,0.6608662009239197,0.6608541011810303,0.6608495116233826,0.6608409285545349,0.6608303785324097,0.6608225703239441,0.6608089208602905,0.6608071327209473,0.6607982516288757,0.6607869863510132,0.6607792377471924,0.6607775688171387,0.6607704162597656,0.6607563495635986,0.6659817695617676,0.03073570504784584,0
1,0.6415477395057678,0.3387717846314494,0.9368284344673157,0.8850607872009277,0.7576878070831299,0.560943603515625,0.5080531239509583,0.5542100667953491,0.6937524080276489,0.6812934279441833,0.649834394454956,0.6465191841125488,0.6494070887565613,0.673239529132843,0.6794297695159912,0.698049783706665,0.6962748169898987,0.6891499161720276,0.6645165681838989,0.6405729055404663,0.6546124815940857,0.7237592935562134,0.6821597814559937,0.09532780945301056,0.013616790995001793,0.9241473078727722,0.8094030022621155,0.6812440156936646,0.5797419548034668,0.6458092927932739,0.6026789546012878,0.7060996890068054,0.7851387858390808,0.8129863739013672,0.8136840462684631,0.8082313537597656,0.7874627709388733,0.7815582752227783,0.7501964569091797,0.7379799485206604,0.7266107797622681,0.705437958240509,0.6788201928138733,0.6611164808273315,0.6378719210624695,0.6190354824066162,0.6103659272193909,0.593517005443573,0.5751156210899353,0.5681182742118835,0.5568370223045349,0.5475266575813293,0.5366086959838867,0.5313116908073425,0.5125751495361328,0.5075681805610657,0.501436710357666,0.49189913272857666,0.48774027824401855,0.48554614186286926,0.48381075263023376,0.48335328698158264,0.48643794655799866,0.48843082785606384,0.4935227632522583,0.5024147033691406,0.5112181901931763,0.5316228270530701,0.5348474383354187,0.5525141954421997,0.5799763202667236,0.6021639108657837,0.60700523853302,0.6305838823318481,0.6827759146690369,0.6186420321464539,0.1138606145977974,0.011667520739138126
5,0.6395502090454102,0.338202742035264,0.8468524813652039,0.6951057314872742,0.6634665131568909,0.6375595331192017,0.6174812912940979,0.6198440194129944,0.6308827996253967,0.6227268576622009,0.6161908507347107,0.6160576343536377,0.6181966066360474,0.6249168515205383,0.6263685822486877,0.6290783882141113,0.6272391080856323,0.623875617980957,0.6143920421600342,0.6043893694877625,0.6054750084877014,0.6208829283714294,0.6380491256713867,0.05179391801357269,0.01716657541692257,0.8273352980613708,0.6895232200622559,0.6617759466171265,0.6386316418647766,0.6373984813690186,0.6286252737045288,0.6313581466674805,0.6352308988571167,0.6339778900146484,0.6330699920654297,0.6306303143501282,0.6274293065071106,0.6269305944442749,0.6259341835975647,0.6260976791381836,0.6264074444770813,0.6269928216934204,0.6266843676567078,0.6254772543907166,0.6228309869766235,0.62003093957901,0.6185922026634216,0.6155754923820496,0.6119937300682068,0.61055988073349,0.6081662774085999,0.6061125993728638,0.603606641292572,0.6023486256599426,0.5976158380508423,0.5962510108947754,0.5944926142692566,0.591442346572876,0.5898616909980774,0.5888684391975403,0.5878591537475586,0.5860120058059692,0.5853464007377625,0.5852293968200684,0.5852388739585876,0.5857048630714417,0.5864246487617493,0.5885642170906067,0.5889407992362976,0.5911290049552917,0.5948452949523926,0.5980615615844727,0.5987858176231384,0.6024230718612671,0.6111393570899963,0.6162712574005127,0.037182990461587906,0.01475041825324297
10,0.6407407522201538,0.33775017262401774,0.8076629638671875,0.6842413544654846,0.6423903703689575,0.6178995966911316,0.6133379936218262,0.615878701210022,0.6177313327789307,0.6078343391418457,0.602744996547699,0.6031128764152527,0.6062335968017578,0.6134412884712219,0.6148155331611633,0.6163623332977295,0.613879382610321,0.6099202036857605,0.5996485948562622,0.5899726152420044,0.5922176837921143,0.6100046038627625,0.6239664554595947,0.046331487596035004,0.017691422253847122,0.7857739329338074,0.675250768661499,0.6407367587089539,0.6222333908081055,0.6310399174690247,0.6251571178436279,0.6207682490348816,0.622196614742279,0.6223375797271729,0.62212073802948,0.6213876008987427,0.6200903654098511,0.6198006272315979,0.6182748675346375,0.6175081729888916,0.6165856122970581,0.6140506267547607,0.6090925931930542,0.6049652695655823,0.599071741104126,0.594158411026001,0.5918919444084167,0.5875063538551331,0.5827661156654358,0.5809797644615173,0.578119158744812,0.5757760405540466,0.5730481147766113,0.5717318654060364,0.5671090483665466,0.5658807754516602,0.5643793344497681,0.5620426535606384,0.5610162019729614,0.560467004776001,0.5600197315216064,0.5597969889640808,0.56041419506073,0.5608309507369995,0.5619100332260132,0.5638085603713989,0.5656915307044983,0.5700531005859375,0.5707420706748962,0.5745177865028381,0.5804076790809631,0.5852068662643433,0.5862610936164856,0.5914434194564819,0.6033187508583069,0.5963947772979736,0.038141053169965744,0.015549794770777225
15,0.643369197845459,0.3374232383243748,0.7935900688171387,0.6679360866546631,0.6306302547454834,0.6021096706390381,0.5969931483268738,0.5991058945655823,0.6062615513801575,0.5972246527671814,0.5918436050415039,0.5922264456748962,0.595703661441803,0.6042330265045166,0.6059813499450684,0.6092306971549988,0.60715252161026,0.6033533215522766,0.5926750302314758,0.5813532471656799,0.58231520652771,0.5988839268684387,0.6129401922225952,0.04516909644007683,0.018410954624414444,0.7666361331939697,0.6594147086143494,0.6274884939193726,0.6026060581207275,0.617408275604248,0.6074444651603699,0.6064774990081787,0.6111965179443359,0.6118444800376892,0.611376941204071,0.6097279787063599,0.6069003939628601,0.6063416600227356,0.6043509244918823,0.6038704514503479,0.6034735441207886,0.6025569438934326,0.6003580689430237,0.5980815291404724,0.5943127274513245,0.5908048152923584,0.5890899300575256,0.5856115818023682,0.581620991230011,0.5800541043281555,0.5774695873260498,0.5752785801887512,0.5726333260536194,0.5713158845901489,0.5664159655570984,0.5650182366371155,0.5632270574569702,0.560146689414978,0.5585650205612183,0.5575772523880005,0.5565796494483948,0.5547803044319153,0.5541576743125916,0.5540586709976196,0.5541035532951355,0.554614245891571,0.5553673505783081,0.5575622320175171,0.5579456090927124,0.5601650476455688,0.5639150142669678,0.5671498775482178,0.5678774118423462,0.5715277791023254,0.5802625417709351,0.5871352553367615,0.0350906066596508,0.01593822054564953
20,0.6440526843070984,0.33812005302999215,0.7789011597633362,0.6602353453636169,0.6182250380516052,0.5903202295303345,0.5932329893112183,0.5936585664749146,0.5942140817642212,0.5859270095825195,0.5823085904121399,0.5829126238822937,0.5863549113273621,0.5935744047164917,0.5948972702026367,0.5959891676902771,0.5932339429855347,0.5889456272125244,0.5777565240859985,0.5660756230354309,0.5663723945617676,0.5809905529022217,0.601206362247467,0.045015860348939896,0.019091201946139336,0.7507636547088623,0.6515432000160217,0.6141812801361084,0.5914226174354553,0.6103163361549377,0.6024239659309387,0.5966300368309021,0.5998070240020752,0.6008917093276978,0.6006252765655518,0.5993192195892334,0.5962788462638855,0.595522403717041,0.5918304920196533,0.5904558897018433,0.5891604423522949,0.5865934491157532,0.5829046368598938,0.5801859498023987,0.5764204859733582,0.5732764005661011,0.5718110799789429,0.5689358711242676,0.5657528638839722,0.5645285844802856,0.562534511089325,0.5608655214309692,0.5588734745979309,0.5578896999359131,0.554274320602417,0.5532547831535339,0.5519557595252991,0.5497419238090515,0.5486165881156921,0.5479186177253723,0.5472187399864197,0.5459792017936707,0.5455741882324219,0.5455202460289001,0.5455856919288635,0.5459943413734436,0.5465667843818665,0.5481972694396973,0.5484796762466431,0.5501070022583008,0.5528404712677002,0.5551900267601013,0.5557177662849426,0.5583630800247192,0.5646839141845703,0.5750705003738403,0.034518856555223465,0.016596157103776932
25,0.6443822979927063,0.3378222039171365,0.765298068523407,0.6435548663139343,0.6052975654602051,0.5829731225967407,0.578053891658783,0.5776165723800659,0.5815032720565796,0.5758267641067505,0.5735903382301331,0.5742748975753784,0.5774781107902527,0.5834386348724365,0.5843862295150757,0.5836666822433472,0.5804544687271118,0.5760128498077393,0.565680742263794,0.557966947555542,0.5626116394996643,0.5843820571899414,0.5907033681869507,0.04353974014520645,0.01901165582239628,0.7377898693084717,0.6334386467933655,0.6014110445976257,0.5859777331352234,0.5946106910705566,0.5861594080924988,0.5834268927574158,0.5877367258071899,0.5897700190544128,0.5898084044456482,0.589348554611206,0.5878239274024963,0.5874159932136536,0.5851905941963196,0.5841691493988037,0.5830443501472473,0.5802761912345886,0.5753462910652161,0.5713961124420166,0.5658372044563293,0.5612341165542603,0.559115469455719,0.5550200939178467,0.5505966544151306,0.548929750919342,0.5462602972984314,0.5440732836723328,0.5415261387825012,0.540296733379364,0.5359759330749512,0.5348271131515503,0.5334219932556152,0.5312337279319763,0.5302718281745911,0.5297570824623108,0.529338002204895,0.529132068157196,0.5297169089317322,0.53011155128479,0.5311335921287537,0.53293377161026,0.5347213745117188,0.5388700366020203,0.5395263433456421,0.5431272983551025,0.5487583875656128,0.5533583164215088,0.5543702244758606,0.5593510866165161,0.5708074569702148,0.5633555054664612,0.035237185657024384,0.016683313995599747
30,0.6477158665657043,0.3378269874967905,0.7378512024879456,0.640573263168335,0.5984863042831421,0.5730629563331604,0.5735216736793518,0.5779321193695068,0.572762668132782,0.5565274357795715,0.5517396926879883,0.5532949566841125,0.5602840185165405,0.573833167552948,0.576350748538971,0.5802386999130249,0.5769429802894592,0.5713900327682495,0.556745707988739,0.5430527329444885,0.5464702248573303,0.5722271800041199,0.579664409160614,0.041682884097099304,0.01813407801091671,0.7090703248977661,0.6259816288948059,0.5918704867362976,0.5742266774177551,0.5880314111709595,0.5794329047203064,0.5716649293899536,0.5734025239944458,0.5739147067070007,0.5736550688743591,0.5725678205490112,0.5702518820762634,0.5697016716003418,0.5671380758285522,0.566222071647644,0.5653623342514038,0.5636152625083923,0.5609171390533447,0.5588094592094421,0.55579674243927,0.5532395243644714,0.5520420670509338,0.5496904253959656,0.5470943450927734,0.5461004972457886,0.5444899797439575,0.5431522130966187,0.5415711402893066,0.5407982468605042,0.5380182862281799,0.5372576117515564,0.536309540271759,0.5347715020179749,0.5340490937232971,0.53363436460495,0.5332587957382202,0.5328209400177002,0.5329586267471313,0.5331141948699951,0.533576488494873,0.5344775319099426,0.5354228615760803,0.5377122163772583,0.5380823612213135,0.5401396751403809,0.5434232950210571,0.5461488962173462,0.5467526912689209,0.5497438907623291,0.5567243695259094,0.5567641258239746,0.028983978554606438,0.015530889853835106
35,0.6469905972480774,0.3385277909666163,0.7615175843238831,0.6343367695808411,0.5893129110336304,0.5670667290687561,0.5541720986366272,0.5585485100746155,0.5665264129638672,0.5541331768035889,0.548224151134491,0.5492044687271118,0.5550500154495239,0.5684180855751038,0.5712199807167053,0.5779209733009338,0.5760126113891602,0.5716463327407837,0.5580234527587891,0.5410007834434509,0.5386325716972351,0.553033709526062,0.5746999979019165,0.047378987073898315,0.02041875198483467,0.7252574563026428,0.620614767074585,0.5817787647247314,0.5728196501731873,0.573939323425293,0.5672787427902222,0.5655831098556519,0.5705733895301819,0.5739679336547852,0.5743850469589233,0.5747230648994446,0.5738881230354309,0.5735189914703369,0.5707767009735107,0.5692480206489563,0.5675035119056702,0.5632702708244324,0.5562893152236938,0.5511006116867065,0.5441956520080566,0.5387255549430847,0.5362662672996521,0.5315993428230286,0.5266691446304321,0.5248375535011292,0.5219314694404602,0.5195742249488831,0.516853928565979,0.5155501961708069,0.511014461517334,0.5098202228546143,0.5083661079406738,0.5061157941818237,0.5051314234733582,0.504605233669281,0.5041759610176086,0.5039488077163696,0.5045140385627747,0.5048982501029968,0.5058945417404175,0.5076482892036438,0.5093873739242554,0.5134143233299255,0.5140503644943237,0.5175362825393677,0.5229764580726624,0.5274130702018738,0.5283883213996887,0.5331857204437256,0.5442063808441162,0.5417882800102234,0.03893078863620758,0.017489908263087273
40,0.6470818519592285,0.3387945673458701,0.7498878240585327,0.6235206723213196,0.5861178040504456,0.5579714775085449,0.5603929162025452,0.558609127998352,0.5577041506767273,0.550824761390686,0.5487815141677856,0.5496659874916077,0.5534935593605042,0.56059330701828,0.5617898106575012,0.5619103312492371,0.5587062835693359,0.5540133118629456,0.5422659516334534,0.5305818915367126,0.5313329696655273,0.5469959378242493,0.5672580003738403,0.04599294066429138,0.01999831013381481,0.7140860557556152,0.6135546565055847,0.5815532803535461,0.5582624077796936,0.5752217769622803,0.5651594996452332,0.5584956407546997,0.5615550875663757,0.56280517578125,0.5626893043518066,0.5619507431983948,0.5602712035179138,0.5598769187927246,0.5579614639282227,0.5571457147598267,0.5562406182289124,0.5538974404335022,0.5493600368499756,0.5455145239830017,0.5399155616760254,0.5351659059524536,0.5329529643058777,0.5286348462104797,0.5239163637161255,0.5221245288848877,0.5192391872406006,0.5168606042861938,0.5140721201896667,0.5127184987068176,0.5079118013381958,0.5066165924072266,0.5050181150436401,0.502477765083313,0.5013214945793152,0.5006782412528992,0.5001212358474731,0.49962228536605835,0.5000537633895874,0.5004003047943115,0.5013502240180969,0.5030988454818726,0.5048789978027344,0.5090920925140381,0.5097653865814209,0.5134820342063904,0.5193504095077515,0.5241809487342834,0.5252470970153809,0.5305114388465881,0.5427033305168152,0.5361816883087158,0.03694891929626465,0.017159147188067436
45,0.649201512336731,0.3382568452809328,0.7253515720367432,0.6197509169578552,0.5789677500724792,0.5516549348831177,0.5484235882759094,0.5480852723121643,0.5498660206794739,0.5408665537834167,0.5375247597694397,0.5385127663612366,0.5433115363121033,0.5532869696617126,0.5552462339401245,0.5589045286178589,0.5567383766174316,0.5527689456939697,0.5416662693023682,0.5299047827720642,0.530694842338562,0.5472176671028137,0.5604372024536133,0.042262766510248184,0.018917543813586235,0.6927239894866943,0.6068181395530701,0.5713176131248474,0.5554625988006592,0.5652323961257935,0.5554149746894836,0.5459802150726318,0.5507697463035583,0.5565347075462341,0.5576555728912354,0.5595043301582336,0.5602098703384399,0.5600404739379883,0.5575663447380066,0.55589759349823,0.5539522767066956,0.5493048429489136,0.5420884490013123,0.5370420217514038,0.5306431651115417,0.5257784128189087,0.5236413478851318,0.5196636319160461,0.5155651569366455,0.5140689611434937,0.5117248892784119,0.5098512768745422,0.5077225565910339,0.5067161917686462,0.5033018589019775,0.5024318695068359,0.5013964772224426,0.4998760521411896,0.4992731213569641,0.49898865818977356,0.4988076686859131,0.4990510046482086,0.4998064935207367,0.5002337694168091,0.5012614727020264,0.502956211566925,0.5045717358589172,0.5081949234008789,0.5087575912475586,0.5118114352226257,0.5165044665336609,0.5202876329421997,0.5211151838302612,0.5251688957214355,0.5343994498252869,0.5311417579650879,0.03437146171927452,0.016350053250789642
50,0.6478729844093323,0.33816473641642575,0.7304307222366333,0.6079350709915161,0.5734656453132629,0.550330400466919,0.5351513624191284,0.5408414602279663,0.5511689186096191,0.543298602104187,0.5407778024673462,0.5420300960540771,0.547352135181427,0.557128369808197,0.558772087097168,0.559093713760376,0.5549196600914001,0.5488378405570984,0.5339310169219971,0.5205454230308533,0.5238049030303955,0.5483642816543579,0.5584089756011963,0.04336192086338997,0.019479501992464066,0.6880964636802673,0.5941975712776184,0.5666669607162476,0.548748254776001,0.5523567795753479,0.5455235242843628,0.5480592250823975,0.5563721656799316,0.5609113574028015,0.5612238049507141,0.5607912540435791,0.5578534007072449,0.5569343566894531,0.5515955686569214,0.549272358417511,0.5469620227813721,0.5422822833061218,0.5360004901885986,0.5318688154220581,0.5267100930213928,0.5227774977684021,0.5210369229316711,0.5177655220031738,0.5143397450447083,0.5130720734596252,0.5110641121864319,0.5094369649887085,0.5075595378875732,0.5066594481468201,0.5035221576690674,0.5026935935020447,0.5016824007034302,0.5001093745231628,0.49941548705101013,0.4990413784980774,0.4987320303916931,0.4985434114933014,0.49891528487205505,0.49917489290237427,0.49985471367836,0.5010628700256348,0.5022683143615723,0.5050767064094543,0.5055218935012817,0.5079681277275085,0.5118032097816467,0.5149439573287964,0.5156357884407043,0.519045889377594,0.5269201397895813,0.528361439704895,0.03311321884393692,0.016341665759682655
55,0.6493569612503052,0.33821157552509573,0.7327159643173218,0.6147669553756714,0.5675683617591858,0.5363208055496216,0.5359064936637878,0.5390520691871643,0.5483345985412598,0.5377745032310486,0.5318390727043152,0.5324488878250122,0.536957323551178,0.5475677847862244,0.5497130751609802,0.5535293817520142,0.5508352518081665,0.5459975600242615,0.532452404499054,0.517664909362793,0.5178708434104919,0.5364505648612976,0.5532883405685425,0.045685116201639175,0.01985328085720539,0.6956965923309326,0.6014531850814819,0.5580083131790161,0.5332726240158081,0.555794358253479,0.5463144779205322,0.5432202219963074,0.548110842704773,0.5499328374862671,0.5497764348983765,0.5487099289894104,0.5461111664772034,0.5454710721969604,0.5423378944396973,0.5411117076873779,0.5398819446563721,0.5371562242507935,0.5326573848724365,0.5291193127632141,0.5241374373435974,0.5199927091598511,0.5180783867835999,0.514366865158081,0.5103434920310974,0.5088240504264832,0.5063878297805786,0.5043898224830627,0.5020615458488464,0.5009376406669617,0.4969927966594696,0.49594709277153015,0.49467214941978455,0.4927048087120056,0.4918566942214966,0.49141421914100647,0.4910705089569092,0.4910180866718292,0.4916819930076599,0.49210217595100403,0.4931655526161194,0.4950049817562103,0.4968145191669464,0.5009886026382446,0.5016472339630127,0.5052576065063477,0.5108988881111145,0.5155084133148193,0.5165228247642517,0.5215193033218384,0.533035933971405,0.5234696269035339,0.03448820859193802,0.016994362697005272
60,0.648768424987793,0.3382570453513815,0.743691086769104,0.6055704951286316,0.5656358599662781,0.5340569615364075,0.5343818664550781,0.5376675724983215,0.5425311326980591,0.5313349366188049,0.5282595157623291,0.5299496054649353,0.5371036529541016,0.5509406924247742,0.5535438060760498,0.5576163530349731,0.554077684879303,0.5479921698570251,0.5312065482139587,0.5122641921043396,0.5108563899993896,0.5294473171234131,0.551906406879425,0.04831945523619652,0.020479675382375717,0.6928974390029907,0.5882693529129028,0.5533137321472168,0.5327449440956116,0.5520138740539551,0.540520191192627,0.5328730940818787,0.5406607389450073,0.5476174354553223,0.5486628413200378,0.5498352646827698,0.5487106442451477,0.5480861663818359,0.5437291264533997,0.5416637659072876,0.5395926237106323,0.5354775786399841,0.5302963852882385,0.527107834815979,0.523308515548706,0.5205023288726807,0.5192756652832031,0.5169842839241028,0.5145891308784485,0.5137000679969788,0.5122846364974976,0.5111280083656311,0.509777307510376,0.5091214776039124,0.5067700147628784,0.5061231255531311,0.5053094625473022,0.5039528012275696,0.5032806396484375,0.5028717517852783,0.5024701356887817,0.5018004179000854,0.5016279816627502,0.5016267895698547,0.5017309784889221,0.502066969871521,0.5024867057800293,0.503616213798523,0.5038074254989624,0.5048968195915222,0.506697952747345,0.5082303285598755,0.5085732340812683,0.5102866291999817,0.5143581628799438,0.5249465703964233,0.030988013371825218,0.016693279147148132
65,0.6475357413291931,0.3382554431694291,0.730431318283081,0.6052352786064148,0.5541701912879944,0.5383436679840088,0.527564525604248,0.5309510827064514,0.539563000202179,0.5299239158630371,0.525784432888031,0.526901364326477,0.5326385498046875,0.5452830791473389,0.5479313135147095,0.5544440746307373,0.5527966022491455,0.548837423324585,0.5361759662628174,0.5194913148880005,0.5158714652061462,0.5262861251831055,0.5494312047958374,0.04552866145968437,0.020171986892819405,0.6952158808708191,0.5874711871147156,0.5450589656829834,0.5380001068115234,0.5413908958435059,0.5337617993354797,0.5332893133163452,0.5405371189117432,0.5459073185920715,0.5467081665992737,0.5477557182312012,0.5476539134979248,0.5474302768707275,0.5455745458602905,0.5445526242256165,0.5434155464172363,0.5407289862632751,0.5363316535949707,0.5330053567886353,0.5284567475318909,0.5247381329536438,0.5230294466018677,0.5197175145149231,0.5161070227622986,0.5147319436073303,0.5125065445899963,0.5106561183929443,0.508459746837616,0.507379412651062,0.503425657749176,0.5023130774497986,0.5008948445320129,0.49846792221069336,0.497221976518631,0.4964406490325928,0.49564534425735474,0.49416354298591614,0.4935821294784546,0.4934559464454651,0.49337661266326904,0.4935879409313202,0.4939951002597809,0.4952928125858307,0.4955262839794159,0.49689632654190063,0.4992520213127136,0.5013062357902527,0.5017701983451843,0.5041062235832214,0.509738028049469,0.5224006772041321,0.03302610665559769,0.017122767865657806
70,0.6457391381263733,0.3394128766628631,0.7513853311538696,0.6088104248046875,0.5728553533554077,0.5314258933067322,0.5279356837272644,0.5303835272789001,0.5409772396087646,0.5312209725379944,0.5257914066314697,0.5264539122581482,0.5308523774147034,0.5403503775596619,0.5420470237731934,0.5425840020179749,0.5382817983627319,0.5319146513938904,0.516145646572113,0.5020714998245239,0.506011962890625,0.5336372256278992,0.546556830406189,0.05185531824827194,0.02194519154727459,0.7025250792503357,0.5901182889938354,0.561715304851532,0.5301659107208252,0.5449244976043701,0.5355360507965088,0.5377302169799805,0.5465752482414246,0.549164354801178,0.5485979318618774,0.5457296967506409,0.5388088822364807,0.5370457768440247,0.5283796787261963,0.5252684354782104,0.5225139260292053,0.5178200602531433,0.5128369927406311,0.5100176930427551,0.506710946559906,0.5042368173599243,0.5031383633613586,0.5010538697242737,0.4988291263580322,0.4979923963546753,0.49664992094039917,0.49554526805877686,0.4942502975463867,0.49362099170684814,0.4913788139820099,0.490772008895874,0.4900211989879608,0.48882415890693665,0.48827865719795227,0.4879761040210724,0.4877162277698517,0.4875042140483856,0.48774492740631104,0.48792922496795654,0.48842883110046387,0.48934444785118103,0.49027717113494873,0.49249303340911865,0.49284833669662476,0.49481579661369324,0.49794188141822815,0.5005316734313965,0.5011051893234253,0.503946840763092,0.5105871558189392,0.5145593881607056,0.03591000288724899,0.01824146695435047
75,0.6471349596977234,0.3388447802280221,0.7331252694129944,0.6032682657241821,0.5621068477630615,0.529951274394989,0.528110921382904,0.5295038223266602,0.5363378524780273,0.5279116630554199,0.5228226184844971,0.5231229662895203,0.5260708928108215,0.5328819155693054,0.5341054201126099,0.5343579649925232,0.5311669707298279,0.5265462398529053,0.5156294107437134,0.5081986784934998,0.5147672891616821,0.5420420169830322,0.54310142993927,0.04769953712821007,0.020865630358457565,0.6975303888320923,0.5861203074455261,0.5498160719871521,0.5277561545372009,0.5436265468597412,0.5347285866737366,0.5340933203697205,0.5395245552062988,0.5412205457687378,0.5410258769989014,0.5399775505065918,0.5378801226615906,0.5374487042427063,0.5358597636222839,0.5354307293891907,0.5350289344787598,0.5339652299880981,0.5313670635223389,0.5287511348724365,0.5245084762573242,0.5206131339073181,0.5187206864356995,0.514897882938385,0.5105293393135071,0.5088168978691101,0.5059936046600342,0.5035998225212097,0.5007068514823914,0.4992637634277344,0.4938719570636749,0.492322713136673,0.49032604694366455,0.48684605956077576,0.48502182960510254,0.48386070132255554,0.4826609194278717,0.4803408980369568,0.4793444871902466,0.4790956974029541,0.4788474142551422,0.4789758026599884,0.4794240891933441,0.48104527592658997,0.4813486933708191,0.48316308856010437,0.48636287450790405,0.4892006814479828,0.48984596133232117,0.4931134879589081,0.5010849833488464,0.5142980813980103,0.03656289726495743,0.017766306176781654
80,0.6492804884910583,0.33873067209199925,0.7525296807289124,0.5927128195762634,0.5599389672279358,0.5310730934143066,0.5259860157966614,0.5288048982620239,0.5288485288619995,0.5171159505844116,0.5156652927398682,0.517810046672821,0.5257271528244019,0.5394343733787537,0.5417757630348206,0.5437015295028687,0.5392469167709351,0.5324987173080444,0.5157673954963684,0.5011535882949829,0.5056723356246948,0.5352425575256348,0.5425353050231934,0.05192568898200989,0.021393336355686188,0.7137190699577332,0.5739958882331848,0.5466763377189636,0.5274680256843567,0.5422847867012024,0.5302192568778992,0.5201393961906433,0.5262964963912964,0.5315235257148743,0.5320871472358704,0.5320795178413391,0.5291708707809448,0.5281736254692078,0.5223735570907593,0.5200088024139404,0.5178316235542297,0.5140649080276489,0.5103509426116943,0.5085786581039429,0.5068784356117249,0.5058469176292419,0.5054436326026917,0.5047546625137329,0.5041117072105408,0.5038909316062927,0.5035586357116699,0.503304660320282,0.5030292272567749,0.50290447473526,0.5025180578231812,0.5024334192276001,0.5023459792137146,0.5022696852684021,0.502285361289978,0.502325713634491,0.5024032592773438,0.5027512311935425,0.5031276345252991,0.5033067464828491,0.5037024021148682,0.5043045878410339,0.504851758480072,0.506037175655365,0.506218433380127,0.5071952939033508,0.5086852312088013,0.5098842978477478,0.5101467370986938,0.5114343762397766,0.5143860578536987,0.5176675915718079,0.031509093940258026,0.01780618168413639
85,0.6470157504081726,0.3387272787521822,0.6954585313796997,0.6012572050094604,0.5686928629875183,0.5291122794151306,0.5346567630767822,0.5340347290039062,0.5322354435920715,0.522730827331543,0.5191421508789062,0.5199361443519592,0.5239629149436951,0.5319218635559082,0.533305287361145,0.5337374806404114,0.5302778482437134,0.525152862071991,0.5123101472854614,0.49982982873916626,0.5011930465698242,0.5195723176002502,0.5384260416030884,0.041891176253557205,0.01963190734386444,0.6677027344703674,0.5801585912704468,0.5551292300224304,0.528059184551239,0.5451993942260742,0.5360063314437866,0.5302405953407288,0.5347632169723511,0.5362857580184937,0.5358800292015076,0.5338524580001831,0.5289084911346436,0.527639627456665,0.5213750004768372,0.519122302532196,0.5171303749084473,0.5137473940849304,0.5101722478866577,0.5081468820571899,0.5057539343833923,0.5039439797401428,0.5031341314315796,0.5015856027603149,0.4999152421951294,0.49928197264671326,0.49825966358184814,0.49741244316101074,0.49641111493110657,0.4959210157394409,0.49415120482444763,0.4936639368534088,0.4930537939071655,0.49205517768859863,0.4915800988674164,0.4913043975830078,0.49105125665664673,0.49073830246925354,0.4908071458339691,0.4909007251262665,0.49118876457214355,0.4917640686035156,0.4923765957355499,0.4938794672489166,0.49412423372268677,0.495492160320282,0.49769532680511475,0.49953895807266235,0.49994897842407227,0.5019879341125488,0.5067899227142334,0.5123046040534973,0.029735678806900978,0.01683097518980503
90,0.6469614505767822,0.33994100659427656,0.7441090941429138,0.5993642807006836,0.5619849562644958,0.5353289842605591,0.5177405476570129,0.5228275060653687,0.5327804684638977,0.5220493078231812,0.5176128149032593,0.5187835693359375,0.524578869342804,0.5362750291824341,0.5384255647659302,0.5407789945602417,0.5369716882705688,0.5309680700302124,0.5156285166740417,0.5016648769378662,0.505458652973175,0.5326733589172363,0.541800320148468,0.05069362744688988,0.021446801722049713,0.6891990303993225,0.5841609239578247,0.5513935685157776,0.5312515497207642,0.5356971025466919,0.5285243391990662,0.5323746204376221,0.5354878902435303,0.5339605808258057,0.5332368612289429,0.5317151546478271,0.5310088992118835,0.5311936140060425,0.5335995554924011,0.5348566174507141,0.5359512567520142,0.5370846390724182,0.5353752374649048,0.5321625471115112,0.5261547565460205,0.5203360915184021,0.5174677968025208,0.511643648147583,0.5049889087677002,0.5023908615112305,0.4981290102005005,0.4945428669452667,0.4902513325214386,0.4881313741207123,0.4803684949874878,0.47819632291793823,0.4754476547241211,0.4708389937877655,0.46855586767196655,0.46717369556427,0.46582838892936707,0.463674396276474,0.4632502496242523,0.46332982182502747,0.4638786017894745,0.46533557772636414,0.467061847448349,0.4715777039527893,0.47233355045318604,0.4766146242618561,0.4836359918117523,0.489576131105423,0.4909021258354187,0.49751415848731995,0.5131450891494751,0.50801020860672,0.039479367434978485,0.017720483243465424
95,0.6488908529281616,0.3393827524479485,0.7816236615180969,0.6019478440284729,0.5619783401489258,0.5229688286781311,0.5280311703681946,0.5285207629203796,0.5344899892807007,0.5226615071296692,0.5158997774124146,0.516452431678772,0.521156907081604,0.5329180955886841,0.5354306697845459,0.5411837100982666,0.5390978455543518,0.534643292427063,0.5210466384887695,0.5043464303016663,0.5022677183151245,0.5171231031417847,0.5431894659996033,0.05855125933885574,0.023113586008548737,0.73637455701828,0.5824241042137146,0.5502998232841492,0.5226656198501587,0.5453013777732849,0.5343477725982666,0.5272499322891235,0.5331993699073792,0.5367278456687927,0.5368327498435974,0.5359375476837158,0.5324438214302063,0.5314465165138245,0.5261355638504028,0.5240463018417358,0.5220828652381897,0.518378496170044,0.5137118101119995,0.5106725692749023,0.506798505783081,0.5037496089935303,0.5023689866065979,0.49971804022789,0.4968579113483429,0.49577614665031433,0.49403491616249084,0.4925970137119293,0.49090462923049927,0.4900791347026825,0.48711293935775757,0.4862997829914093,0.48528313636779785,0.4836195409297943,0.4828245937824249,0.4823596179485321,0.481926828622818,0.4813483655452728,0.48139113187789917,0.4815099835395813,0.48190316557884216,0.4827192425727844,0.4836013913154602,0.4857836365699768,0.4861401617527008,0.48813387751579285,0.49134647846221924,0.4940332770347595,0.49463045597076416,0.4975980818271637,0.5045730471611023,0.5103461146354675,0.039656322449445724,0.018814265727996826
100,0.6480532288551331,0.3384460610166491,0.6829754710197449,0.5994782447814941,0.5609458684921265,0.5295342206954956,0.5182779431343079,0.5204629302024841,0.5306565165519714,0.5220953822135925,0.51820969581604,0.5192446708679199,0.5245391726493835,0.5358307361602783,0.538065493106842,0.5421408414840698,0.5395109057426453,0.5347309708595276,0.5212697982788086,0.5063151121139526,0.506026566028595,0.5233513712882996,0.5386830568313599,0.03864573687314987,0.019040269777178764,0.665378212928772,0.5813187956809998,0.5522406101226807,0.5270425081253052,0.5386849045753479,0.5282307267189026,0.5254144072532654,0.5322828888893127,0.5360950827598572,0.5362796783447266,0.5356302261352539,0.5326308012008667,0.5317513942718506,0.5269410610198975,0.524975597858429,0.5230793356895447,0.5193547010421753,0.5144185423851013,0.5111173391342163,0.5068787932395935,0.5035452246665955,0.5020394325256348,0.4991568326950073,0.49605995416641235,0.49489209055900574,0.4930156469345093,0.4914688169956207,0.4896507263183594,0.48876437544822693,0.48557808995246887,0.48470234870910645,0.4836045205593109,0.48179301619529724,0.48091351985931396,0.48038995265960693,0.4798904061317444,0.4791446626186371,0.47906869649887085,0.4791398048400879,0.4794383943080902,0.48012804985046387,0.48090606927871704,0.48288190364837646,0.4832083582878113,0.4850444495677948,0.48802629113197327,0.4905324876308441,0.4910905361175537,0.4938677251338959,0.5004122257232666,0.507561981678009,0.03267764672636986,0.01687648333609104
105,0.6501041650772095,0.3395840664565041,0.7749990820884705,0.6069608330726624,0.5641114115715027,0.5197660326957703,0.5207188129425049,0.5252611637115479,0.5363881587982178,0.5208550691604614,0.5104655623435974,0.5106197595596313,0.5153898000717163,0.5293400883674622,0.5325394868850708,0.5415253639221191,0.5402750372886658,0.5362590551376343,0.5224896669387817,0.5044275522232056,0.5017369985580444,0.5171990394592285,0.5415663719177246,0.05818134546279907,0.023226141929626465,0.7214335203170776,0.5900312066078186,0.554358184337616,0.5188620090484619,0.5430464148521423,0.532151997089386,0.5276386737823486,0.5322097539901733,0.5334594249725342,0.5331771373748779,0.5319753289222717,0.5298396944999695,0.5294374227523804,0.5281781554222107,0.5279353857040405,0.5277191400527954,0.5269696116447449,0.5245423913002014,0.5218524932861328,0.5173228979110718,0.5130806565284729,0.5110030770301819,0.5067840814590454,0.5019368529319763,0.5000313520431519,0.4968845546245575,0.49421244859695435,0.4909793436527252,0.48936542868614197,0.4833306670188904,0.48159608244895935,0.47936075925827026,0.47546708583831787,0.4734286367893219,0.4721328020095825,0.4707959294319153,0.4682241380214691,0.4671354293823242,0.46686968207359314,0.4666201174259186,0.4668075442314148,0.46734967827796936,0.469253808259964,0.46960729360580444,0.4717142581939697,0.47541508078575134,0.47869008779525757,0.47943416237831116,0.4832004904747009,0.49238121509552,0.5063046813011169,0.04198075458407402,0.01854494772851467
110,0.6467911005020142,0.3392959588877292,0.7313801050186157,0.5997114777565002,0.5568373203277588,0.5299036502838135,0.5170899629592896,0.5169978141784668,0.5326597690582275,0.5300147533416748,0.5272188782691956,0.5276153087615967,0.5302999019622803,0.5361495614051819,0.5371533036231995,0.5365055203437805,0.532957911491394,0.5278632044792175,0.5151607394218445,0.5023762583732605,0.502951979637146,0.5195554494857788,0.5405200719833374,0.048086028546094894,0.021162861958146095,0.6906988620758057,0.5782152414321899,0.5450453758239746,0.5308138132095337,0.5337119102478027,0.5226436853408813,0.5280665159225464,0.5430048108100891,0.5520754456520081,0.5528692007064819,0.5523980855941772,0.5466337203979492,0.5447079539299011,0.533202052116394,0.5282424092292786,0.5234696865081787,0.5145649313926697,0.5045715570449829,0.4991690516471863,0.4934828281402588,0.48977914452552795,0.48828423023223877,0.4856823682785034,0.4832168519496918,0.48236605525016785,0.4810831844806671,0.48010122776031494,0.47903335094451904,0.47854724526405334,0.4770035743713379,0.47664371132850647,0.47624191641807556,0.47574177384376526,0.47561347484588623,0.4755996763706207,0.4756620228290558,0.4761843979358673,0.4768499433994293,0.4771781265735626,0.4779142439365387,0.47904759645462036,0.48008033633232117,0.48231014609336853,0.482649564743042,0.484470009803772,0.4872187077999115,0.48940688371658325,0.48988309502601624,0.4922066032886505,0.4974583387374878,0.5054208636283875,0.03857016563415527,0.01800411194562912
115,0.6486935615539551,0.3395150008425032,0.752338171005249,0.5987815260887146,0.5618029832839966,0.5285008549690247,0.5157169103622437,0.5163165330886841,0.5354517102241516,0.5289852023124695,0.520619809627533,0.5198825597763062,0.5208297967910767,0.5267929434776306,0.5282446146011353,0.5313736200332642,0.5296708941459656,0.5263293981552124,0.5165542960166931,0.5059190392494202,0.5068879723548889,0.5232128500938416,0.5397105813026428,0.05261136218905449,0.02179805561900139,0.7147815227508545,0.5782747268676758,0.5517085194587708,0.5242878794670105,0.5307169556617737,0.5196101069450378,0.5272195935249329,0.5363291501998901,0.5369460582733154,0.5358901619911194,0.5322914719581604,0.5258811116218567,0.5245295166969299,0.5192824602127075,0.5179548859596252,0.5170084238052368,0.515740692615509,0.5142109990119934,0.5127872228622437,0.5103108286857605,0.50787752866745,0.5066532492637634,0.5041159391403198,0.501137375831604,0.4999532103538513,0.49798670411109924,0.4963100850582123,0.4942794442176819,0.493267297744751,0.48951631784439087,0.48845648765563965,0.48711106181144714,0.4848535358905792,0.4837428629398346,0.48307862877845764,0.48244479298591614,0.48151978850364685,0.4814753234386444,0.4815978407859802,0.4820616841316223,0.48309412598609924,0.4842471778392792,0.487168550491333,0.4876515865325928,0.4903719127178192,0.49480435252189636,0.4985428750514984,0.4993768334388733,0.5035345554351807,0.5133726000785828,0.5103073120117188,0.0359155647456646,0.01815609447658062
120,0.6479886770248413,0.33911944936570326,0.7256541848182678,0.5963008999824524,0.5577136874198914,0.5294759273529053,0.5209256410598755,0.5243327021598816,0.5342851877212524,0.5267106890678406,0.5221603512763977,0.5226154923439026,0.5260003805160522,0.5336494445800781,0.5350702404975891,0.5360029339790344,0.532755970954895,0.5277714729309082,0.5149065256118774,0.5017757415771484,0.5024847388267517,0.5200313329696655,0.5395311117172241,0.046835869550704956,0.020600374788045883,0.6839876174926758,0.579822301864624,0.5510898232460022,0.5242285132408142,0.5318014621734619,0.523678183555603,0.5331361293792725,0.5406286716461182,0.5396136045455933,0.538318932056427,0.5345419645309448,0.5288617014884949,0.5278189182281494,0.5246102213859558,0.5241947174072266,0.5241100788116455,0.5243191719055176,0.5239965319633484,0.5228593349456787,0.520230770111084,0.5173396468162537,0.5158243179321289,0.5125951170921326,0.5086833834648132,0.5070959329605103,0.50441974401474,0.5020970106124878,0.49922823905944824,0.4977726936340332,0.49219006299972534,0.49054229259490967,0.4883870482444763,0.48453274369239807,0.48244982957839966,0.4810938239097595,0.4796597361564636,0.4767218828201294,0.4752868711948395,0.4748665690422058,0.47429224848747253,0.47401857376098633,0.4741678535938263,0.47528278827667236,0.4755217134952545,0.4770333170890808,0.47988611459732056,0.4825206995010376,0.4831289052963257,0.4862479567527771,0.4940486550331116,0.5093756914138794,0.03528961166739464,0.01733255386352539
125,0.6475695967674255,0.33856358661543123,0.7278483510017395,0.6022966504096985,0.5648055076599121,0.5199159979820251,0.5231141448020935,0.5236881375312805,0.5301598310470581,0.5178703665733337,0.5105792880058289,0.5110260248184204,0.515545129776001,0.5272228121757507,0.529758095741272,0.5359821319580078,0.534321129322052,0.53046053647995,0.5186939239501953,0.5059245824813843,0.5073715448379517,0.5276678204536438,0.5382125973701477,0.048375021666288376,0.020943667739629745,0.6794660687446594,0.5862098336219788,0.5533950328826904,0.5180208683013916,0.5393443703651428,0.5262176990509033,0.5202997326850891,0.5235788822174072,0.5238109230995178,0.523423969745636,0.5223203897476196,0.5213407874107361,0.5213678479194641,0.5230467319488525,0.5242558121681213,0.525538980960846,0.5278487205505371,0.5292268395423889,0.5287201404571533,0.5265294313430786,0.5237948894500732,0.5223128795623779,0.5190989375114441,0.515147864818573,0.513533353805542,0.5108014941215515,0.5084223747253418,0.5054754018783569,0.5039771199226379,0.49821236729621887,0.4965052306652069,0.494268000125885,0.49025171995162964,0.48807013034820557,0.48664391040802,0.4851285517215729,0.4819852411746979,0.4804067015647888,0.47992977499961853,0.47924596071243286,0.47883155941963196,0.4788700044155121,0.4797776937484741,0.47998765110969543,0.4813523292541504,0.48400190472602844,0.48648545145988464,0.4870617389678955,0.4900287389755249,0.49750176072120667,0.5114214420318604,0.03286890685558319,0.01740909181535244
130,0.6503304839134216,0.33977426592174714,0.7524402737617493,0.6057392358779907,0.5567554831504822,0.5276626944541931,0.5198001265525818,0.5219276547431946,0.5337056517601013,0.5255092978477478,0.5209177136421204,0.5216360092163086,0.5260035395622253,0.5354056358337402,0.5371288061141968,0.5382189750671387,0.5342642664909363,0.528195858001709,0.5124611854553223,0.4959428906440735,0.4959816336631775,0.5155884623527527,0.5402642488479614,0.05348051339387894,0.02182643488049507,0.7152156233787537,0.5862025022506714,0.5437638759613037,0.5279386043548584,0.534998893737793,0.5248137712478638,0.5290009379386902,0.5394533276557922,0.5422695875167847,0.5414708256721497,0.5376407504081726,0.5285127758979797,0.5262008309364319,0.5151188969612122,0.5113929510116577,0.5083202719688416,0.5038924813270569,0.500924289226532,0.5001590251922607,0.4998876750469208,0.4999139904975891,0.49994492530822754,0.49998772144317627,0.4999579191207886,0.49991482496261597,0.4997985064983368,0.49965107440948486,0.49940645694732666,0.4992544949054718,0.49848100543022156,0.49818798899650574,0.4977527856826782,0.4967978894710541,0.4961605370044708,0.49568429589271545,0.4951116740703583,0.49358218908309937,0.4924640953540802,0.4920165240764618,0.49114641547203064,0.4900307357311249,0.489162415266037,0.48758894205093384,0.48737630248069763,0.4863269031047821,0.4849737882614136,0.48404866456985474,0.4838622212409973,0.4830188751220703,0.48145046830177307,0.510404646396637,0.03592938557267189,0.017951197922229767
135,0.6475554704666138,0.3400529684846323,0.7835479378700256,0.5950770378112793,0.560042142868042,0.5326311588287354,0.5160635709762573,0.5185767412185669,0.5335583090782166,0.5248687863349915,0.5187547206878662,0.5191842913627625,0.5232834815979004,0.5335950255393982,0.5357357263565063,0.5396667718887329,0.5369594693183899,0.5320035815238953,0.5177925229072571,0.5011444091796875,0.4995957314968109,0.5155821442604065,0.5418831706047058,0.058976590633392334,0.023628197610378265,0.7376299500465393,0.5769811272621155,0.5483611822128296,0.5325798392295837,0.5322784781455994,0.5209055542945862,0.5248148441314697,0.5330941081047058,0.5355376601219177,0.5352764129638672,0.5338537096977234,0.5310519337654114,0.5304949283599854,0.5286862850189209,0.5283785462379456,0.5281952619552612,0.527768075466156,0.5261358022689819,0.5240726470947266,0.5203390717506409,0.5166720747947693,0.5148333311080933,0.5110287070274353,0.5065558552742004,0.5047701597213745,0.5017885565757751,0.49922460317611694,0.49608176946640015,0.4944954514503479,0.48844754695892334,0.48666977882385254,0.4843465983867645,0.48018956184387207,0.4779350459575653,0.47646084427833557,0.4748925268650055,0.4716212749481201,0.46995222568511963,0.4694383144378662,0.4686800539493561,0.46816304326057434,0.46811407804489136,0.468841552734375,0.4690245985984802,0.4702458679676056,0.47268009185791016,0.47499191761016846,0.4755307734012604,0.478314608335495,0.4853714108467102,0.5076359510421753,0.042653411626815796,0.01933804154396057
140,0.6454110741615295,0.3393681754944981,0.7305808663368225,0.6012037396430969,0.5573240518569946,0.522322952747345,0.520865261554718,0.5257564783096313,0.5304051637649536,0.5196177363395691,0.5188376903533936,0.5212045907974243,0.5296391248703003,0.5436094403266907,0.5458353757858276,0.545802652835846,0.5399136543273926,0.531494140625,0.5111196637153625,0.4927472472190857,0.4965030550956726,0.5278947949409485,0.5406338572502136,0.04894641041755676,0.021431855857372284,0.6853083372116089,0.5785715579986572,0.5433440208435059,0.5207105875015259,0.5439283847808838,0.5326351523399353,0.5226444005966187,0.5324634313583374,0.5425440073013306,0.5441998839378357,0.546172022819519,0.5442057847976685,0.5430365204811096,0.5343102812767029,0.5299555659294128,0.5255208015441895,0.5167210698127747,0.5062428116798401,0.5004369020462036,0.4943440854549408,0.4904588460922241,0.48892560601234436,0.4863271415233612,0.48397716879844666,0.4832000434398651,0.482070654630661,0.4812486171722412,0.48040905594825745,0.48005104064941406,0.47907230257987976,0.47890153527259827,0.4787634611129761,0.47878608107566833,0.47897329926490784,0.4791804552078247,0.47949379682540894,0.48061543703079224,0.4816596806049347,0.4821260869503021,0.48310932517051697,0.48451802134513855,0.48573172092437744,0.4882107079029083,0.48857545852661133,0.4904896020889282,0.4932727515697479,0.4954187273979187,0.49587902426719666,0.49809515476226807,0.5029541850090027,0.5069558024406433,0.03617492690682411,0.018032418563961983
145,0.6491965651512146,0.3394076840853837,0.7530244588851929,0.6004076600074768,0.5629202127456665,0.5284643769264221,0.5177212357521057,0.5186060667037964,0.525716245174408,0.5150910019874573,0.5121145844459534,0.5138735771179199,0.5212978720664978,0.5356737375259399,0.5383796095848083,0.542636513710022,0.5390284657478333,0.5328670144081116,0.5162615776062012,0.49935847520828247,0.5010440945625305,0.5260347127914429,0.540026068687439,0.0535179078578949,0.021923158317804337,0.7071479558944702,0.5739872455596924,0.5508925318717957,0.5288195013999939,0.5356250405311584,0.5225031971931458,0.5163317918777466,0.522263765335083,0.5270195603370667,0.5277786254882812,0.5289562940597534,0.5296907424926758,0.5297525525093079,0.5296308994293213,0.5293273329734802,0.5288293361663818,0.527087926864624,0.5230709910392761,0.5194708108901978,0.5141185522079468,0.509524941444397,0.507373034954071,0.5031549334526062,0.49851685762405396,0.49674686789512634,0.4938850402832031,0.4915131628513336,0.48871487379074097,0.4873479902744293,0.482430636882782,0.4810813069343567,0.4793933629989624,0.4766257703304291,0.47529736161231995,0.4745157063007355,0.4737815856933594,0.4727538228034973,0.47274720668792725,0.47290584444999695,0.4734690189361572,0.47467851638793945,0.476002961397171,0.4793010950088501,0.47984105348587036,0.4828626215457916,0.48773178458213806,0.4918001592159271,0.4927038252353668,0.4971906840801239,0.5077091455459595,0.5070781111717224,0.0374472439289093,0.017771011218428612
150,0.6474547386169434,0.33872778648941065,0.6914060711860657,0.5901837944984436,0.5573358535766602,0.5255303978919983,0.5272848606109619,0.5306466817855835,0.5263330936431885,0.5133393406867981,0.5117305517196655,0.5139607191085815,0.5223387479782104,0.5377023816108704,0.5406069755554199,0.546208381652832,0.5433692336082458,0.5380253195762634,0.5227479338645935,0.5050342082977295,0.5032793283462524,0.5194878578186035,0.5383275747299194,0.04011288657784462,0.019365211948752403,0.6530588865280151,0.5674488544464111,0.5451352000236511,0.5269590020179749,0.5421050190925598,0.5334150791168213,0.5207257270812988,0.5248472094535828,0.5321784019470215,0.5339199304580688,0.5373549461364746,0.5403808951377869,0.5406729578971863,0.5399780869483948,0.5387612581253052,0.5371273159980774,0.5327945947647095,0.5255963802337646,0.5204371213912964,0.513831377029419,0.5087736248970032,0.5065407752990723,0.5023607015609741,0.49800780415534973,0.4964023530483246,0.49386271834373474,0.49180519580841064,0.48942652344703674,0.48828184604644775,0.48424360156059265,0.4831532835960388,0.48179689049720764,0.4795791208744049,0.47850653529167175,0.47786566615104675,0.47724825143814087,0.4762715995311737,0.47607454657554626,0.47610390186309814,0.4763277471065521,0.4769272804260254,0.47763413190841675,0.4794645309448242,0.47976869344711304,0.48148152232170105,0.48426103591918945,0.4865901470184326,0.4871077835559845,0.4896778166294098,0.4956962466239929,0.5077593922615051,0.03279930353164673,0.01655454933643341
155,0.6493668556213379,0.3393687382604452,0.7724058032035828,0.5897586345672607,0.5539914965629578,0.530119001865387,0.518336832523346,0.5194694399833679,0.529889702796936,0.5232262015342712,0.5216665863990784,0.523152768611908,0.5289890170097351,0.5392104983329773,0.5408464670181274,0.5402121543884277,0.5352060198783875,0.5281216502189636,0.5110061168670654,0.4954862594604492,0.4985969066619873,0.5251161456108093,0.541240394115448,0.056431323289871216,0.022625505924224854,0.7234852313995361,0.5674729943275452,0.5414562821388245,0.5265723466873169,0.5298634767532349,0.519767165184021,0.5231506824493408,0.5327647924423218,0.5369539260864258,0.5369483232498169,0.5355843901634216,0.531226634979248,0.530052900314331,0.5241242051124573,0.5219300985336304,0.5199397802352905,0.5163663625717163,0.5121274590492249,0.5094538927078247,0.5060857534408569,0.5034492611885071,0.5022585391998291,0.4999789595603943,0.49753373861312866,0.4966145157814026,0.49514341354370117,0.4939389228820801,0.4925369620323181,0.49186089634895325,0.4894937574863434,0.48886919021606445,0.4881112575531006,0.48695769906044006,0.4864759147167206,0.48623567819595337,0.48606568574905396,0.4861648380756378,0.4866928160190582,0.48700565099716187,0.4877772629261017,0.4890851080417633,0.4903581440448761,0.4932752847671509,0.4937344789505005,0.49624887108802795,0.5001760721206665,0.5033872127532959,0.5040943622589111,0.5075806379318237,0.5156400203704834,0.5114414095878601,0.03572215884923935,0.01823757030069828
160,0.6480714678764343,0.33833355052274766,0.6754994988441467,0.5973418354988098,0.5509908199310303,0.5287739038467407,0.5202586650848389,0.5211056470870972,0.5311489701271057,0.5269647240638733,0.5237069129943848,0.5239534378051758,0.5261870622634888,0.5314545035362244,0.5324298143386841,0.532749593257904,0.5301668047904968,0.5262686014175415,0.5162286162376404,0.5057263970375061,0.5058109760284424,0.5184962749481201,0.5362631678581238,0.036853544414043427,0.01833067089319229,0.630675196647644,0.5850624442100525,0.5408881902694702,0.5232172608375549,0.5341307520866394,0.5249139666557312,0.5237705707550049,0.5303437113761902,0.533985435962677,0.5342122316360474,0.5337919592857361,0.531356692314148,0.5306159257888794,0.5263956785202026,0.5245761871337891,0.5227600932121277,0.5190221071243286,0.5138159394264221,0.5102682113647461,0.5057235360145569,0.5021916627883911,0.5006137490272522,0.49762865900993347,0.4944814145565033,0.49331265687942505,0.4914584457874298,0.4899541437625885,0.48821818828582764,0.48738640546798706,0.48449620604515076,0.48373761773109436,0.4828169345855713,0.48140624165534973,0.4808025360107422,0.48048925399780273,0.48024722933769226,0.48021528124809265,0.4806864857673645,0.480983167886734,0.481731653213501,0.48302197456359863,0.4842880964279175,0.48720070719718933,0.48765963315963745,0.4901723563671112,0.4940924048423767,0.4972917139530182,0.4979954659938812,0.5014608502388,0.5094462037086487,0.5071002840995789,0.028481237590312958,0.01587750017642975
165,0.6497309803962708,0.3396588300799556,0.7476770877838135,0.6016263961791992,0.5626243948936462,0.5251820683479309,0.5185161828994751,0.5238688588142395,0.5325076580047607,0.5186429023742676,0.5111756324768066,0.5118499398231506,0.5171046257019043,0.5296270847320557,0.5321899056434631,0.5371902585029602,0.5344254374504089,0.5292600393295288,0.5147444605827332,0.499711275100708,0.5014989972114563,0.5250024199485779,0.5387213230133057,0.052582792937755585,0.02170690894126892,0.7117217779159546,0.5823991298675537,0.5510705709457397,0.5243759751319885,0.5373784303665161,0.5286912322044373,0.5241646766662598,0.5272356867790222,0.5285121202468872,0.5285285711288452,0.5283777117729187,0.5283242464065552,0.5284026265144348,0.5291711688041687,0.5294575691223145,0.5295697450637817,0.5289431214332581,0.5258323550224304,0.5223847031593323,0.5167635679244995,0.5116637945175171,0.5092130899429321,0.5043178200721741,0.49881476163864136,0.49668440222740173,0.4932060241699219,0.4902910888195038,0.48681268095970154,0.4850970208644867,0.478817343711853,0.4770575165748596,0.4748254418373108,0.47105878591537476,0.4691709578037262,0.4680144190788269,0.4668712913990021,0.46493569016456604,0.4644082486629486,0.46438828110694885,0.464650422334671,0.46555954217910767,0.46671590209007263,0.469858318567276,0.47039249539375305,0.4734421968460083,0.4784994423389435,0.48280981183052063,0.4837748110294342,0.48859935998916626,0.5000683665275574,0.5046265125274658,0.040858421474695206,0.018126560375094414
170,0.6474371552467346,0.3396548361674676,0.7269185781478882,0.5979295372962952,0.5582001805305481,0.5342254638671875,0.5156588554382324,0.5206165313720703,0.532331109046936,0.5237377882003784,0.5196257829666138,0.5205006003379822,0.52513587474823,0.5345176458358765,0.5361708998680115,0.5368644595146179,0.5329033732414246,0.5270266532897949,0.512490451335907,0.499548077583313,0.5031448602676392,0.5283953547477722,0.5392971038818359,0.04749535769224167,0.02090337686240673,0.6769558191299438,0.5787351727485657,0.5480954051017761,0.537276029586792,0.5301178097724915,0.5245420336723328,0.5293896794319153,0.5362423062324524,0.5386674404144287,0.5385441780090332,0.5374094247817993,0.5343640446662903,0.5335723757743835,0.5294820070266724,0.5278233885765076,0.5261738300323486,0.5226809978485107,0.51740962266922,0.5135243535041809,0.5082418918609619,0.5039278864860535,0.5019455552101135,0.4981037378311157,0.4939183294773102,0.49232596158981323,0.48975181579589844,0.48761507868766785,0.4850849509239197,0.4838434159755707,0.47932395339012146,0.47806158661842346,0.47646090388298035,0.4737536609172821,0.47238782048225403,0.4715445041656494,0.47070208191871643,0.46921998262405396,0.46874070167541504,0.4686778485774994,0.4687577188014984,0.46924299001693726,0.4699188470840454,0.47183579206466675,0.4721669554710388,0.47407296299934387,0.4772672653198242,0.48000848293304443,0.4806238114833832,0.4837068021297455,0.49106845259666443,0.5038661360740662,0.03722694143652916,0.017295505851507187
175,0.6491357684135437,0.3393065139841853,0.7515997886657715,0.5982869267463684,0.5605416893959045,0.5265746116638184,0.522777259349823,0.5230318903923035,0.5322914719581604,0.5244102478027344,0.5195173621177673,0.5199705958366394,0.5235140919685364,0.5316435098648071,0.5331639647483826,0.5342013835906982,0.5307496190071106,0.5254418253898621,0.511773407459259,0.4981209635734558,0.49944087862968445,0.5194051265716553,0.5393228530883789,0.052826061844825745,0.02181391604244709,0.7123651504516602,0.579402506351471,0.5504574775695801,0.5246688723564148,0.5385668873786926,0.5277217626571655,0.527911901473999,0.5349441766738892,0.537004828453064,0.5366581678390503,0.5349209308624268,0.5311511754989624,0.5302797555923462,0.5264312624931335,0.5251561403274536,0.5239992141723633,0.5216819643974304,0.5179504752159119,0.5148730278015137,0.510296106338501,0.5062915682792664,0.5043859481811523,0.5005931258201599,0.4963323175907135,0.4946804940700531,0.49197831749916077,0.4897076487541199,0.48698946833610535,0.48564475774765015,0.4806969463825226,0.4793020188808441,0.4775265157222748,0.47451144456863403,0.4729888141155243,0.4720507860183716,0.47111809253692627,0.46951377391815186,0.4690500795841217,0.4690183103084564,0.46919962763786316,0.46989718079566956,0.4708058536052704,0.4733101427555084,0.47373855113983154,0.47619375586509705,0.4802890717983246,0.4837956428527832,0.4845823645591736,0.48852288722991943,0.49793171882629395,0.5053417682647705,0.03993231803178787,0.01823246106505394
180,0.6499860882759094,0.33966314563976857,0.7744792699813843,0.6007064580917358,0.5530253648757935,0.5304918885231018,0.5244751572608948,0.5276212692260742,0.5293806791305542,0.5144113302230835,0.5064738988876343,0.5069178938865662,0.5114744901657104,0.5230724811553955,0.5255594253540039,0.5315513014793396,0.5298988223075867,0.5261557102203369,0.5150055885314941,0.5037261247634888,0.5063447952270508,0.5280318856239319,0.5384401082992554,0.0579429492354393,0.022980134934186935,0.7333312034606934,0.5818134546279907,0.5450498461723328,0.5241296887397766,0.5405184626579285,0.531620442867279,0.5271912813186646,0.5277168154716492,0.5254140496253967,0.5245951414108276,0.5228534936904907,0.5216622948646545,0.5217076539993286,0.5233625769615173,0.5243550539016724,0.5252470970153809,0.5261980891227722,0.5247440934181213,0.5219680070877075,0.5167325735092163,0.5116347074508667,0.5091156959533691,0.5039923191070557,0.4981294870376587,0.49583905935287476,0.4920814037322998,0.4889196753501892,0.4851379692554474,0.48327115178108215,0.47644922137260437,0.4745468199253082,0.47214606404304504,0.4681476652622223,0.4661892354488373,0.4650171101093292,0.4638933837413788,0.46219632029533386,0.46200433373451233,0.46215587854385376,0.4628128111362457,0.4643499553203583,0.4660944640636444,0.4705451428890228,0.4712821841239929,0.47543400526046753,0.482191801071167,0.4878807067871094,0.48914819955825806,0.4954588711261749,0.510334849357605,0.5041322112083435,0.04296824708580971,0.01890895888209343
185,0.6497307419776917,0.33959380847532705,0.7050044536590576,0.6000933051109314,0.5583738088607788,0.5328565239906311,0.5128889083862305,0.5185927152633667,0.5313673615455627,0.5202189683914185,0.5136614441871643,0.5141941905021667,0.5185950994491577,0.5289662480354309,0.5310062170028687,0.5339534878730774,0.5308411121368408,0.5256677269935608,0.512060284614563,0.49944931268692017,0.5029400587081909,0.5280280113220215,0.5359379649162292,0.04407009482383728,0.01971137337386608,0.6531965732574463,0.5818300843238831,0.546154797077179,0.5323952436447144,0.5303207635879517,0.5253803730010986,0.5272840857505798,0.5302712321281433,0.5300464034080505,0.529595673084259,0.5282663702964783,0.5261954069137573,0.5257748961448669,0.5238657593727112,0.5230523943901062,0.5221230387687683,0.5196347832679749,0.5147544741630554,0.510654628276825,0.5047693252563477,0.4998522102832794,0.49758380651474,0.49319779872894287,0.4884663224220276,0.4866867661476135,0.48384222388267517,0.48151788115501404,0.47881948947906494,0.47752097249031067,0.472985178232193,0.4717889130115509,0.4703342020511627,0.46809813380241394,0.4671376645565033,0.4666374921798706,0.4662490785121918,0.4661844074726105,0.46692052483558655,0.46738624572753906,0.4685637056827545,0.4705967903137207,0.4725932776927948,0.47718843817710876,0.4779125154018402,0.48187747597694397,0.48806190490722656,0.49310752749443054,0.4942171275615692,0.49967893958091736,0.5122500658035278,0.5018565058708191,0.03433519974350929,0.016473397612571716
