epoch,loss,val_ndcg,user_h_0,user_h_1,user_h_2,user_h_3,user_h_4,user_h_5,user_h_6,user_h_7,user_h_8,user_h_9,user_h_10,user_h_11,user_h_12,user_h_13,user_h_14,user_h_15,user_h_16,user_h_17,user_h_18,user_h_19,user_h_20,user_h_21,user_h_22,user_h_23,user_h_24,user_response_mean,user_response_std,user_grad_norm,item_h_0,item_h_1,item_h_2,item_h_3,item_h_4,item_h_5,item_h_6,item_h_7,item_h_8,item_h_9,item_h_10,item_h_11,item_h_12,item_h_13,item_h_14,item_h_15,item_h_16,item_h_17,item_h_18,item_h_19,item_h_20,item_h_21,item_h_22,item_h_23,item_h_24,item_h_25,item_h_26,item_h_27,item_h_28,item_h_29,item_h_30,item_h_31,item_h_32,item_h_33,item_h_34,item_h_35,item_h_36,item_h_37,item_h_38,item_h_39,item_h_40,item_h_41,item_h_42,item_h_43,item_h_44,item_h_45,item_h_46,item_h_47,item_h_48,item_h_49,item_h_50,item_h_51,item_h_52,item_h_53,item_h_54,item_h_55,item_h_56,item_h_57,item_h_58,item_h_59,item_h_60,item_h_61,item_h_62,item_h_63,item_h_64,item_h_65,item_h_66,item_h_67,item_h_68,item_h_69,item_h_70,item_h_71,item_h_72,item_h_73,item_h_74,item_h_75,item_h_76,item_h_77,item_h_78,item_h_79,item_h_80,item_h_81,item_h_82,item_h_83,item_h_84,item_h_85,item_h_86,item_h_87,item_h_88,item_h_89,item_h_90,item_h_91,item_h_92,item_h_93,item_h_94,item_h_95,item_h_96,item_h_97,item_h_98,item_h_99,item_h_100,item_h_101,item_h_102,item_h_103,item_h_104,item_h_105,item_h_106,item_h_107,item_h_108,item_h_109,item_h_110,item_h_111,item_h_112,item_h_113,item_h_114,item_h_115,item_h_116,item_h_117,item_h_118,item_h_119,item_h_120,item_h_121,item_h_122,item_h_123,item_h_124,item_h_125,item_h_126,item_h_127,item_h_128,item_h_129,item_response_mean,item_response_std,item_grad_norm
0,0.0,0.23492871933963216,0.5,0.6006773114204407,0.5060727596282959,0.5022608041763306,0.500383734703064,0.5001232028007507,0.5000319480895996,0.5000221729278564,0.5000165700912476,0.5000087022781372,0.5000050067901611,0.5000026226043701,0.5000010132789612,0.500000536441803,0.5000004172325134,0.5000002980232239,0.5000001788139343,0.5000001788139343,0.5000001192092896,0.5000000596046448,0.5000000596046448,0.5000000596046448,0.5000000596046448,0.5,0.5,0.5043842792510986,0.01969519816339016,0,0.5,0.6193863749504089,0.5136333703994751,0.5064130425453186,0.5017402172088623,0.5007864832878113,0.5003223419189453,0.5002555251121521,0.5002133846282959,0.5001444220542908,0.500105082988739,0.5000729560852051,0.5000439882278442,0.5000320076942444,0.5000292658805847,0.5000240206718445,0.500019371509552,0.5000189542770386,0.5000150799751282,0.5000127553939819,0.5000113844871521,0.5000103712081909,0.5000098943710327,0.5000079274177551,0.5000072717666626,0.5000059604644775,0.5000057220458984,0.5000047087669373,0.5000037550926208,0.5000035762786865,0.5000031590461731,0.5000025033950806,0.5000022649765015,0.5000022053718567,0.5000019669532776,0.5000017881393433,0.5000016093254089,0.5000014901161194,0.5000013709068298,0.5000012516975403,0.5000011920928955,0.5000010132789612,0.5000009536743164,0.5000008940696716,0.5000008940696716,0.5000007748603821,0.5000007152557373,0.5000006556510925,0.5000006556510925,0.500000536441803,0.500000536441803,0.500000536441803,0.5000004768371582,0.5000004172325134,0.5000004172325134,0.5000003576278687,0.5000003576278687,0.5000003576278687,0.5000002980232239,0.5000002980232239,0.5000002980232239,0.5000002384185791,0.5000002384185791,0.5000002384185791,0.5000002384185791,0.5000002384185791,0.5000001788139343,0.5000001788139343,0.5000001788139343,0.5000001788139343,0.5000001788139343,0.5000001788139343,0.5000001192092896,0.5000001192092896,0.5000001192092896,0.5000001192092896,0.5000001192092896,0.5000001192092896,0.5000001192092896,0.5000001192092896,0.5000001192092896,0.5000000596046448,0.5000000596046448,0.5000000596046448,0.5000000596046448,0.5000000596046448,0.5000000596046448,0.5000000596046448,0.5000000596046448,0.5000000596046448,0.5000000596046448,0.5000000596046448,0.5000000596046448,0.5000000596046448,0.5000000596046448,0.5000000596046448,0.5000000596046448,0.5000000596046448,0.5000000596046448,0.5000000596046448,0.5000000596046448,0.5000000596046448,0.5000000596046448,0.5000000596046448,0.5000000596046448,0.5000000596046448,0.5000000596046448,0.5000000596046448,0.5000000596046448,0.5,0.5,0.5,0.5,0.5,0.5,0.5,0.5,0.5,0.5,0.5,0.5,0.5,0.5,0.5,0.5,0.5,0.5,0.5,0.5,0.5,0.501102864742279,0.010497573763132095,0
1,0.6464448571205139,0.23547883822029078,0.5049996972084045,0.5972575545310974,0.5095677971839905,0.5066213011741638,0.5052763819694519,0.5050938129425049,0.5050261616706848,0.5050182938575745,0.5050137042999268,0.5050070285797119,0.505003809928894,0.5050016045570374,0.505000114440918,0.5049996376037598,0.5049995183944702,0.5049993991851807,0.5049992799758911,0.5049992799758911,0.5049992203712463,0.5049992203712463,0.5049992203712463,0.5049992203712463,0.5049992203712463,0.5049991607666016,0.5049991607666016,0.508955180644989,0.01804877258837223,0.00551298214122653,0.5049996376037598,0.6155263781547546,0.5158165693283081,0.5097771883010864,0.5060108304023743,0.5051392316818237,0.5044988989830017,0.504349946975708,0.5042349696159363,0.5039835572242737,0.5037718415260315,0.5035178065299988,0.5031421184539795,0.5028898119926453,0.502817690372467,0.5026531219482422,0.502469003200531,0.5024486780166626,0.5022474527359009,0.5020953416824341,0.5019903182983398,0.5019025802612305,0.5018616318702698,0.5016510486602783,0.5015676021575928,0.5013676285743713,0.501333475112915,0.5011357665061951,0.5009027123451233,0.5008535385131836,0.5007226467132568,0.5004966855049133,0.5003936886787415,0.500353217124939,0.500222384929657,0.5001343488693237,0.5000007748603821,0.499933123588562,0.4998394846916199,0.499740332365036,0.4996790587902069,0.49954432249069214,0.4994787573814392,0.49942120909690857,0.4993566870689392,0.4992442727088928,0.4991455376148224,0.49910062551498413,0.49905040860176086,0.49889659881591797,0.49888110160827637,0.498838871717453,0.4986986517906189,0.49862921237945557,0.49857279658317566,0.4984540045261383,0.4983890950679779,0.4983779489994049,0.4983093738555908,0.4982079267501831,0.4981613755226135,0.49806877970695496,0.49801555275917053,0.49799245595932007,0.4979492723941803,0.4979003369808197,0.4978201985359192,0.4977594017982483,0.49771618843078613,0.4976637363433838,0.4975773096084595,0.4975205361843109,0.497422456741333,0.49737101793289185,0.49729835987091064,0.4971916079521179,0.4971868395805359,0.49717310070991516,0.4970790147781372,0.4970168173313141,0.49694833159446716,0.4969084560871124,0.49685966968536377,0.49682122468948364,0.4967913329601288,0.49676263332366943,0.49675461649894714,0.4967060387134552,0.4966479241847992,0.49657782912254333,0.4965573847293854,0.4964980185031891,0.496463805437088,0.49642738699913025,0.4964229166507721,0.4963194727897644,0.4962461292743683,0.4962032735347748,0.49617913365364075,0.4961027204990387,0.49608513712882996,0.4960743188858032,0.4960445165634155,0.49601760506629944,0.49596476554870605,0.4959210157394409,0.4958888292312622,0.495832234621048,0.49580487608909607,0.49578097462654114,0.4957192540168762,0.4956728219985962,0.4956301748752594,0.49559152126312256,0.4955574870109558,0.4955453872680664,0.49548840522766113,0.4954372048377991,0.49541860818862915,0.495388925075531,0.4953745901584625,0.4953394830226898,0.4953148066997528,0.49524375796318054,0.49517691135406494,0.49515530467033386,0.4951311945915222,0.49508023262023926,0.4950467646121979,0.4950021803379059,0.4995914101600647,0.010711273178458214,0.0036014574579894543
5,0.6462547183036804,0.23550570635683063,0.5157551765441895,0.5908811688423157,0.5141229033470154,0.5123555064201355,0.5120484828948975,0.5122509002685547,0.5125476717948914,0.5126305222511292,0.5126960873603821,0.512840986251831,0.5129618644714355,0.513103187084198,0.5133029222488403,0.5134307742118835,0.5134664177894592,0.513546347618103,0.5136335492134094,0.5136430859565735,0.5137357115745544,0.5138040781021118,0.5138505697250366,0.513888955116272,0.5139067769050598,0.5139968395233154,0.5140319466590881,0.5164973139762878,0.015202755108475685,0.005404169205576181,0.5155508518218994,0.6080067157745361,0.5192956328392029,0.5150526762008667,0.5128963589668274,0.512424111366272,0.5118995308876038,0.5117356777191162,0.5115981101989746,0.511267364025116,0.5109628438949585,0.5105742812156677,0.509968101978302,0.5095469951629639,0.5094252228736877,0.5091450810432434,0.5088291168212891,0.5087940692901611,0.5084458589553833,0.5081812739372253,0.5079980492591858,0.5078445076942444,0.5077727437019348,0.5074032545089722,0.5072565674781799,0.5069042444229126,0.5068439245223999,0.5064948201179504,0.5060827136039734,0.5059956908226013,0.505763828754425,0.505363404750824,0.5051807761192322,0.5051089525222778,0.5048768520355225,0.5047206282615662,0.504483699798584,0.5043635964393616,0.5041972994804382,0.504021406173706,0.503912627696991,0.5036733746528625,0.5035571455955505,0.503454864025116,0.5033404231071472,0.5031408071517944,0.5029656887054443,0.5028858780860901,0.5027968287467957,0.5025238394737244,0.5024963021278381,0.5024214386940002,0.5021726489067078,0.5020493865013123,0.5019493103027344,0.5017386078834534,0.5016235709190369,0.5016037225723267,0.5014821290969849,0.5013023018836975,0.5012197494506836,0.5010555982589722,0.500961184501648,0.5009202361106873,0.5008438229560852,0.500757098197937,0.500615119934082,0.5005074143409729,0.5004308223724365,0.5003378391265869,0.5001848340034485,0.5000842213630676,0.49991074204444885,0.4998195767402649,0.4996909499168396,0.4995019733905792,0.4994935095310211,0.49946925044059753,0.4993028938770294,0.4991927146911621,0.4990715980529785,0.4990011155605316,0.49891480803489685,0.4988468587398529,0.4987940192222595,0.4987431764602661,0.4987291395664215,0.49864310026168823,0.4985404312610626,0.49841657280921936,0.4983803331851959,0.49827539920806885,0.49821504950523376,0.49815070629119873,0.49814271926879883,0.4979599714279175,0.49783048033714294,0.4977547526359558,0.4977121651172638,0.4975772500038147,0.49754613637924194,0.4975270628929138,0.4974744915962219,0.4974268972873688,0.4973336458206177,0.49725645780563354,0.49719956517219543,0.4970998167991638,0.49705150723457336,0.49700927734375,0.4969004690647125,0.49681854248046875,0.4967433214187622,0.4966751039028168,0.49661511182785034,0.496593713760376,0.49649330973625183,0.4964030086994171,0.4963701665401459,0.49631789326667786,0.4962926208972931,0.49623075127601624,0.496187299489975,0.49606195092201233,0.4959442913532257,0.4959060549736023,0.49586373567581177,0.49577394127845764,0.49571487307548523,0.49563637375831604,0.5027986764907837,0.010574297979474068,0.0035966974683105946
10,0.6442356705665588,0.23585934649439602,0.524557888507843,0.585564136505127,0.5151385068893433,0.5140182375907898,0.5143395066261292,0.5148113965988159,0.5153865814208984,0.515541672706604,0.515663743019104,0.5159325003623962,0.5161564350128174,0.5164185166358948,0.5167901515960693,0.5170289278030396,0.5170956254005432,0.5172454714775085,0.5174093246459961,0.5174272060394287,0.5176015496253967,0.5177305936813354,0.5178183913230896,0.5178909301757812,0.5179246068000793,0.5180951952934265,0.5181617736816406,0.5196699500083923,0.0135927964001894,0.0056038727052509785,0.5239031314849854,0.6018282175064087,0.5197666883468628,0.5166643857955933,0.5156364440917969,0.5154802203178406,0.5150576233863831,0.5148824453353882,0.5147261619567871,0.5143271088600159,0.5139404535293579,0.5134307742118835,0.5126135945320129,0.5120362043380737,0.5118681788444519,0.5114803910255432,0.511040985584259,0.510992169380188,0.5105059146881104,0.5101354122161865,0.5098784565925598,0.5096629858016968,0.5095621347427368,0.509042501449585,0.5088359713554382,0.5083394646644592,0.5082544088363647,0.5077618956565857,0.5071800351142883,0.5070571303367615,0.5067295432090759,0.5061637163162231,0.5059055089950562,0.5058039426803589,0.5054758787155151,0.5052549839019775,0.5049199461936951,0.5047501921653748,0.5045151114463806,0.5042663812637329,0.5041125416755676,0.5037744045257568,0.5036100149154663,0.5034654140472412,0.5033037066459656,0.5030215978622437,0.5027740597724915,0.5026612877845764,0.5025354623794556,0.5021497011184692,0.5021107792854309,0.5020050406455994,0.5016535520553589,0.5014796257019043,0.5013382434844971,0.5010406970977783,0.5008782744407654,0.500850260257721,0.5006786584854126,0.5004248023033142,0.5003082752227783,0.5000766515731812,0.49994343519210815,0.4998857080936432,0.4997778832912445,0.49965548515319824,0.49945521354675293,0.4993033707141876,0.4991953372955322,0.499064177274704,0.4988485276699066,0.4987066686153412,0.498462051153183,0.4983336627483368,0.4981524348258972,0.49788615107536316,0.49787428975105286,0.49784010648727417,0.49760565161705017,0.49745047092437744,0.49727997183799744,0.4971807599067688,0.4970592260360718,0.49696359038352966,0.4968891739845276,0.49681758880615234,0.4967978298664093,0.4966767430305481,0.49653223156929016,0.4963579475879669,0.4963069558143616,0.4961593747138977,0.496074378490448,0.49598392844200134,0.4959726631641388,0.4957157373428345,0.4955335557460785,0.49542707204818726,0.49536722898483276,0.4951775074005127,0.4951338469982147,0.4951070249080658,0.4950330853462219,0.49496620893478394,0.49483516812324524,0.4947267174720764,0.4946467876434326,0.4945065975189209,0.4944387376308441,0.494379460811615,0.4942265450954437,0.4941115081310272,0.4940059185028076,0.4939100742340088,0.49382585287094116,0.49379581212997437,0.49365487694740295,0.4935281276702881,0.49348196387290955,0.4934086501598358,0.4933731257915497,0.4932863116264343,0.4932252764701843,0.4930495023727417,0.4928843080997467,0.49283072352409363,0.4927712678909302,0.49264538288116455,0.49256253242492676,0.4924524426460266,0.5020957589149475,0.01124516874551773,0.0036885079462081194
15,0.645824134349823,0.23633591494051054,0.5312318205833435,0.5814620852470398,0.5149964094161987,0.5141403079032898,0.5146165490150452,0.5151175260543823,0.5157139897346497,0.5158752799034119,0.5160026550292969,0.5162850022315979,0.5165223479270935,0.5168030261993408,0.5172063708305359,0.5174688100814819,0.5175425410270691,0.5177090764045715,0.5178922414779663,0.5179122686386108,0.518108606338501,0.5182547569274902,0.5183545351028442,0.5184373259544373,0.5184757709503174,0.5186713933944702,0.5187480449676514,0.5201419591903687,0.012891294434666634,0.0056404657661914825,0.5300546884536743,0.5972732901573181,0.5196765065193176,0.5171118378639221,0.5165493488311768,0.5165062546730042,0.5160983204841614,0.5159092545509338,0.5157374739646912,0.5152912139892578,0.5148529410362244,0.5142701268196106,0.513329029083252,0.5126610994338989,0.5124664306640625,0.512016773223877,0.5115066766738892,0.511449933052063,0.5108848214149475,0.510453999042511,0.5101549625396729,0.5099042654037476,0.5097869038581848,0.5091819167137146,0.5089414119720459,0.5083631277084351,0.5082640647888184,0.5076903104782104,0.5070124864578247,0.5068692564964294,0.5064876079559326,0.5058283805847168,0.5055274963378906,0.5054092407226562,0.5050270557403564,0.5047697424888611,0.5043795108795166,0.5041817426681519,0.5039079189300537,0.5036182999610901,0.50343918800354,0.5030454397201538,0.5028539896011353,0.5026856660842896,0.5024973154067993,0.5021689534187317,0.5018808245658875,0.501749575138092,0.5016031265258789,0.5011542439460754,0.5011089444160461,0.5009859204292297,0.5005769729614258,0.5003746151924133,0.5002101063728333,0.4998641312122345,0.49967512488365173,0.49964264035224915,0.49944308400154114,0.49914780259132385,0.49901241064071655,0.49874311685562134,0.4985882639884949,0.4985211193561554,0.498395711183548,0.4982534945011139,0.4980207681655884,0.49784424901008606,0.4977187216281891,0.4975663721561432,0.49731582403182983,0.4971509575843811,0.4968668520450592,0.4967176914215088,0.4965071678161621,0.49619799852371216,0.4961841404438019,0.49614444375038147,0.49587228894233704,0.4956921339035034,0.49549421668052673,0.4953790307044983,0.49523791670799255,0.495126873254776,0.49504056572914124,0.49495744705200195,0.4949345588684082,0.49479401111602783,0.49462637305259705,0.494424045085907,0.4943649470806122,0.4941937029361725,0.4940950870513916,0.4939901530742645,0.4939771294593811,0.49367910623550415,0.4934678375720978,0.49334433674812317,0.49327483773231506,0.49305495619773865,0.49300429224967957,0.4929731786251068,0.4928874373435974,0.49280989170074463,0.49265798926353455,0.49253222346305847,0.49243953824043274,0.492277055978775,0.4921984374523163,0.49212971329689026,0.49195244908332825,0.49181920289993286,0.4916968047618866,0.49158576130867004,0.49148815870285034,0.4914533197879791,0.49129000306129456,0.49114319682121277,0.49108973145484924,0.4910047650337219,0.4909636676311493,0.4908631145954132,0.4907923936843872,0.4905887842178345,0.49039748311042786,0.49033546447753906,0.4902665615081787,0.4901208281517029,0.4900248646736145,0.48989734053611755,0.5009459257125854,0.01179676316678524,0.0036458424292504787
20,0.644808292388916,0.23591690471262206,0.5368310809135437,0.5782950520515442,0.5151712894439697,0.5145196914672852,0.515220046043396,0.5158645510673523,0.5166471004486084,0.5168610215187073,0.5170302987098694,0.517406165599823,0.5177221894264221,0.5180953741073608,0.5186297297477722,0.5189759135246277,0.5190730094909668,0.5192916393280029,0.5195316076278687,0.5195578336715698,0.519814133644104,0.520004391670227,0.5201340913772583,0.5202414989471436,0.5202913284301758,0.5205445289611816,0.520643413066864,0.5214558243751526,0.012284910306334496,0.00556600745767355,0.5349986553192139,0.5934868454933167,0.5195108652114868,0.5173783302307129,0.5172560811042786,0.517403781414032,0.5171879529953003,0.5170477032661438,0.516913890838623,0.5165500640869141,0.5161798000335693,0.5156764984130859,0.5148487687110901,0.5142545700073242,0.5140806436538696,0.5136779546737671,0.5132197141647339,0.5131686329841614,0.5126595497131348,0.5122706294059753,0.5120003819465637,0.5117735862731934,0.5116674304008484,0.5111194849014282,0.5109014511108398,0.5103769302368164,0.5102869868278503,0.509766161441803,0.5091503262519836,0.509020209312439,0.5086733102798462,0.5080739259719849,0.5078003406524658,0.507692813873291,0.5073451399803162,0.507111132144928,0.5067561864852905,0.5065762996673584,0.5063272714614868,0.5060637593269348,0.5059008002281189,0.5055426359176636,0.5053684711456299,0.5052153468132019,0.5050441026687622,0.5047454237937927,0.5044833421707153,0.5043639540672302,0.504230797290802,0.5038225650787354,0.5037813782691956,0.5036695003509521,0.503297746181488,0.5031136870384216,0.502964198589325,0.5026496052742004,0.5024778842926025,0.5024482607841492,0.5022669434547424,0.5019986033439636,0.5018755197525024,0.5016308426856995,0.5014901161193848,0.5014291405677795,0.5013152360916138,0.5011860728263855,0.5009745955467224,0.5008142590522766,0.5007002949714661,0.5005619525909424,0.5003343820571899,0.5001846551895142,0.49992668628692627,0.49979135394096375,0.49960026144981384,0.49931958317756653,0.4993070363998413,0.499271035194397,0.4990239143371582,0.49886050820350647,0.49868085980415344,0.49857640266418457,0.4984484314918518,0.49834775924682617,0.49826937913894653,0.49819403886795044,0.4981732666492462,0.4980457127094269,0.49789366126060486,0.497710257768631,0.4976566433906555,0.497501403093338,0.49741196632385254,0.497316837310791,0.4973050355911255,0.49703484773635864,0.4968433678150177,0.49673140048980713,0.4966684579849243,0.496469110250473,0.49642327427864075,0.4963950514793396,0.49631741642951965,0.4962471127510071,0.4961094856262207,0.49599555134773254,0.495911568403244,0.49576443433761597,0.4956932067871094,0.4956309199333191,0.49547043442726135,0.4953496754169464,0.49523890018463135,0.49513834714889526,0.49504998326301575,0.4950184226036072,0.49487054347991943,0.4947376251220703,0.4946892559528351,0.49461236596107483,0.494575172662735,0.4944840967655182,0.4944201409816742,0.4942358732223511,0.49406272172927856,0.49400657415390015,0.4939442574977875,0.4938123822212219,0.49372559785842896,0.4936102330684662,0.5036619901657104,0.010923938825726509,0.0035310713574290276
25,0.6453111171722412,0.236325492211169,0.5414113998413086,0.5755712389945984,0.515120804309845,0.5144884586334229,0.5150594711303711,0.515619695186615,0.5163408517837524,0.5165466666221619,0.5167121887207031,0.5170875787734985,0.5174114108085632,0.5178025960922241,0.5183777213096619,0.5187588930130005,0.5188668966293335,0.5191118717193604,0.5193831920623779,0.5194129943847656,0.5197060108184814,0.5199252963066101,0.5200755596160889,0.5202005505561829,0.5202587246894836,0.5205554366111755,0.520672082901001,0.5213791131973267,0.012101096101105213,0.005651005543768406,0.539060115814209,0.590217649936676,0.5190771818161011,0.5171388983726501,0.517074704170227,0.5171722769737244,0.516848623752594,0.5166719555854797,0.5165074467658997,0.5160704851150513,0.5156336426734924,0.5150464773178101,0.5140897035598755,0.5134068727493286,0.5132074952125549,0.512746274471283,0.5122222304344177,0.5121639370918274,0.5115826725959778,0.5111390948295593,0.5108310580253601,0.510572612285614,0.5104516744613647,0.5098278522491455,0.5095797181129456,0.5089830756187439,0.5088807940483093,0.5082886219024658,0.5075887441635132,0.5074409246444702,0.5070468187332153,0.5063660144805908,0.5060553550720215,0.5059331655502319,0.5055385231971741,0.5052728056907654,0.504869818687439,0.5046656727790833,0.5043829083442688,0.5040838718414307,0.5038989186286926,0.5034924149513245,0.503294825553894,0.503121018409729,0.5029266476631165,0.5025876760482788,0.5022903680801392,0.5021548867225647,0.5020037293434143,0.5015405416488647,0.5014938116073608,0.501366913318634,0.5009450316429138,0.5007362365722656,0.5005666017532349,0.5002096891403198,0.5000148415565491,0.4999812841415405,0.4997754991054535,0.49947115778923035,0.4993314743041992,0.49905383586883545,0.49889427423477173,0.4988251030445099,0.49869585037231445,0.49854928255081177,0.4983093738555908,0.49812746047973633,0.4979981780052185,0.4978411793708801,0.49758297204971313,0.49741318821907043,0.49712055921554565,0.49696698784828186,0.496750146150589,0.49643173813819885,0.4964175224304199,0.4963766038417816,0.49609634280204773,0.4959109127521515,0.49570712447166443,0.49558860063552856,0.4954434037208557,0.4953291416168213,0.49524030089378357,0.49515482783317566,0.4951311945915222,0.49498653411865234,0.49481403827667236,0.4946058988571167,0.4945450723171234,0.4943689703941345,0.4942675530910492,0.4941595792770386,0.4941461980342865,0.4938395917415619,0.4936223328113556,0.493495374917984,0.4934239685535431,0.49319779872894287,0.49314573407173157,0.4931137263774872,0.49302560091018677,0.49294593930244446,0.49278974533081055,0.4926604926586151,0.49256521463394165,0.4923982620239258,0.49231746792793274,0.4922468066215515,0.4920646548271179,0.49192771315574646,0.49180200695991516,0.49168792366981506,0.49158763885498047,0.49155187606811523,0.4913840591907501,0.49123328924179077,0.49117839336395264,0.4910911023616791,0.4910489022731781,0.49094560742378235,0.4908730387687683,0.49066391587257385,0.49046751856803894,0.49040380120277405,0.49033311009407043,0.49018338322639465,0.4900849759578705,0.48995405435562134,0.5012850165367126,0.011659587733447552,0.003714257851243019
30,0.6440026164054871,0.23611588649886342,0.5456631183624268,0.5729675889015198,0.5147232413291931,0.5142830014228821,0.5151107311248779,0.5158016681671143,0.5166398882865906,0.5168699622154236,0.5170523524284363,0.517458438873291,0.5178009271621704,0.5182065367698669,0.5187891721725464,0.5191677808761597,0.5192740559577942,0.5195137858390808,0.5197771191596985,0.519805908203125,0.5200876593589783,0.5202969908714294,0.520439863204956,0.5205581188201904,0.5206131339073181,0.520892322063446,0.5210015773773193,0.5217118263244629,0.011904684826731682,0.005673814099282026,0.5427210330963135,0.5873088240623474,0.5187892913818359,0.5170748829841614,0.517156720161438,0.5172644853591919,0.5169060230255127,0.5167136192321777,0.516535222530365,0.5160632133483887,0.5155934691429138,0.5149640440940857,0.5139419436454773,0.5132144093513489,0.5130022168159485,0.5125118494033813,0.511955201625824,0.5118933320045471,0.5112766027450562,0.5108064413070679,0.5104801654815674,0.5102065801620483,0.5100785493850708,0.5094186067581177,0.509156346321106,0.5085258483886719,0.5084178447723389,0.5077926516532898,0.5070544481277466,0.5068985223770142,0.5064831376075745,0.5057660341262817,0.5054389238357544,0.5053103566169739,0.5048949718475342,0.5046154856681824,0.5041916966438293,0.5039770603179932,0.5036798715591431,0.5033655762672424,0.5031712651252747,0.5027443170547485,0.5025368332862854,0.5023543834686279,0.502150297164917,0.5017945766448975,0.5014826655387878,0.5013405084609985,0.501181960105896,0.5006962418556213,0.500647246837616,0.5005142092704773,0.5000720024108887,0.4998532235622406,0.4996754825115204,0.4993017017841339,0.4990975558757782,0.4990624487400055,0.4988469183444977,0.49852830171585083,0.4983820915222168,0.49809154868125916,0.4979245066642761,0.4978521764278412,0.4977169334888458,0.49756360054016113,0.49731263518333435,0.4971223771572113,0.49698713421821594,0.4968230128288269,0.49655309319496155,0.49637556076049805,0.49606969952583313,0.4959091544151306,0.49568265676498413,0.4953499734401703,0.49533504247665405,0.49529239535331726,0.49499961733818054,0.4948059618473053,0.49459323287010193,0.49446940422058105,0.49431777000427246,0.4941985309123993,0.4941057860851288,0.49401652812957764,0.4939919114112854,0.4938409626483917,0.49366089701652527,0.49344369769096375,0.4933803081512451,0.4931965172290802,0.4930906593799591,0.4929780960083008,0.49296408891677856,0.492644339799881,0.49241775274276733,0.49228528141975403,0.49221086502075195,0.4919750690460205,0.49192070960998535,0.4918874502182007,0.4917955696582794,0.4917124807834625,0.49154967069625854,0.4914149343967438,0.49131569266319275,0.4911416471004486,0.49105745553970337,0.49098384380340576,0.4907940626144409,0.490651398897171,0.4905203878879547,0.49040156602859497,0.4902971088886261,0.4902597963809967,0.49008509516716003,0.4899280071258545,0.4898708462715149,0.4897799491882324,0.48973602056503296,0.48962849378585815,0.48955288529396057,0.48933514952659607,0.4891307055950165,0.48906436562538147,0.48899081349372864,0.48883500695228577,0.4887324571609497,0.4885962903499603,0.500426173210144,0.011935224756598473,0.003769925329834223
35,0.6422217488288879,0.23643231278624396,0.5495370030403137,0.5709149837493896,0.514911949634552,0.5145113468170166,0.5153204202651978,0.5159875154495239,0.5167902112007141,0.5170090794563293,0.5171822309494019,0.5175662636756897,0.5178887844085693,0.5182691812515259,0.5188132524490356,0.5191652178764343,0.5192638635635376,0.5194860100746155,0.5197295546531677,0.5197561979293823,0.5200161933898926,0.5202091336250305,0.5203405618667603,0.5204493403434753,0.5204998850822449,0.5207562446594238,0.5208563804626465,0.5218092203140259,0.011870087124407291,0.005871289409697056,0.5458124279975891,0.5847511887550354,0.5186926126480103,0.5171518325805664,0.5174030065536499,0.5176253318786621,0.5174381136894226,0.5172987580299377,0.5171639919281006,0.5167938470840454,0.5164142847061157,0.5158959627151489,0.5150404572486877,0.5144249200820923,0.5142446160316467,0.5138269066810608,0.5133512616157532,0.5132982730865479,0.5127694606781006,0.5123654007911682,0.5120845437049866,0.5118487477302551,0.5117383599281311,0.5111687183380127,0.5109419226646423,0.5103963613510132,0.5103029012680054,0.5097610354423523,0.5091203451156616,0.5089849233627319,0.5086239576339722,0.5080002546310425,0.5077155828475952,0.507603645324707,0.5072419047355652,0.5069983601570129,0.5066289901733398,0.5064418315887451,0.5061826109886169,0.5059084892272949,0.5057389140129089,0.5053662061691284,0.5051850080490112,0.5050256848335266,0.5048474669456482,0.5045366287231445,0.5042640566825867,0.5041398406028748,0.504001259803772,0.5035765767097473,0.5035337209701538,0.5034173727035522,0.50303053855896,0.5028391480445862,0.5026836395263672,0.5023564100265503,0.5021777749061584,0.5021470785140991,0.501958429813385,0.5016793608665466,0.5015513896942139,0.501296877861023,0.5011505484580994,0.5010871887207031,0.5009686946868896,0.5008343458175659,0.5006145238876343,0.5004478096961975,0.500329315662384,0.5001854300498962,0.4999488592147827,0.49979326128959656,0.4995250403881073,0.4993843138217926,0.499185711145401,0.49889397621154785,0.49888092279434204,0.4988434910774231,0.4985867142677307,0.49841687083244324,0.4982301890850067,0.49812161922454834,0.49798861145973206,0.49788397550582886,0.4978025257587433,0.4977242052555084,0.49770259857177734,0.4975701570510864,0.49741220474243164,0.49722155928611755,0.49716585874557495,0.49700456857681274,0.4969116449356079,0.4968128800392151,0.49680057168006897,0.49651986360549927,0.4963209331035614,0.496204674243927,0.4961392879486084,0.49593231081962585,0.49588459730148315,0.49585533142089844,0.49577462673187256,0.49570176005363464,0.4955587387084961,0.49544042348861694,0.49535325169563293,0.49520042538642883,0.4951264262199402,0.4950617849826813,0.4948951303958893,0.49476978182792664,0.49465471506118774,0.49455031752586365,0.49445855617523193,0.49442580342292786,0.4942723214626312,0.4941343069076538,0.49408403038978577,0.4940042495727539,0.4939655661582947,0.4938710927963257,0.4938046932220459,0.4936133921146393,0.49343371391296387,0.4933754503726959,0.493310809135437,0.4931737780570984,0.49308380484580994,0.49296408891677856,0.50337815284729,0.010862321592867374,0.003861823119223118
40,0.6451311707496643,0.23635841443514347,0.5532135963439941,0.5687987208366394,0.5148336887359619,0.5145455002784729,0.5154032707214355,0.5160598158836365,0.5168358087539673,0.5170465111732483,0.5172130465507507,0.5175825953483582,0.5178933143615723,0.5182603597640991,0.5187864899635315,0.5191277861595154,0.5192235708236694,0.5194393992424011,0.5196764469146729,0.5197023153305054,0.5199557542800903,0.5201439261436462,0.5202723145484924,0.5203786492347717,0.5204280018806458,0.5206787586212158,0.5207768678665161,0.5218510627746582,0.011893757618963718,0.0056358035653829575,0.5487344861030579,0.5822568535804749,0.5183863043785095,0.5170481204986572,0.5174278616905212,0.5176500678062439,0.5174175500869751,0.5172601342201233,0.517109751701355,0.5167014002799988,0.5162866115570068,0.5157237648963928,0.5148000121116638,0.5141379833221436,0.5139443278312683,0.5134962201118469,0.5129866003990173,0.5129298567771912,0.5123640298843384,0.5119320154190063,0.5116320252418518,0.5113801956176758,0.5112623572349548,0.5106544494628906,0.5104125738143921,0.5098309516906738,0.5097312927246094,0.5091540217399597,0.5084717869758606,0.5083276629447937,0.5079435110092163,0.5072799921035767,0.5069772601127625,0.506858229637146,0.5064736008644104,0.5062147378921509,0.5058221220970154,0.5056232213973999,0.5053478479385376,0.5050565600395203,0.504876434803009,0.5044806003570557,0.5042881369590759,0.5041189789772034,0.5039296746253967,0.5035997033119202,0.5033102631568909,0.5031784176826477,0.503031313419342,0.5025805830955505,0.5025351047515869,0.5024116039276123,0.502001166343689,0.5017980337142944,0.5016330480575562,0.5012859106063843,0.5010963678359985,0.5010637640953064,0.5008636713027954,0.5005676746368408,0.5004318952560425,0.5001620650291443,0.5000068545341492,0.49993962049484253,0.499813973903656,0.4996715486049652,0.49943843483924866,0.49926164746284485,0.49913597106933594,0.4989834129810333,0.4987325668334961,0.4985676407814026,0.498283326625824,0.49813419580459595,0.4979236423969269,0.49761438369750977,0.4976005554199219,0.49756088852882385,0.49728870391845703,0.49710869789123535,0.49691087007522583,0.49679580330848694,0.49665480852127075,0.4965439736843109,0.49645769596099854,0.4963747262954712,0.49635183811187744,0.4962114989757538,0.49604400992393494,0.4958420395851135,0.49578309059143066,0.49561214447021484,0.49551376700401306,0.4954090118408203,0.4953960180282593,0.4950985908508301,0.4948878884315491,0.4947647154331207,0.4946954548358917,0.49447616934776306,0.4944256842136383,0.4943946599960327,0.4943091869354248,0.4942319095134735,0.49408042430877686,0.4939550757408142,0.4938627779483795,0.49370089173316956,0.4936225712299347,0.49355408549308777,0.49337753653526306,0.4932447671890259,0.493122935295105,0.493012398481369,0.49291518330574036,0.49288055300712585,0.4927179515361786,0.49257180094718933,0.4925185739994049,0.4924340546131134,0.4923931062221527,0.4922930598258972,0.49222275614738464,0.4920201599597931,0.49182987213134766,0.4917681813240051,0.4916997253894806,0.49155470728874207,0.49145936965942383,0.4913325905799866,0.5023437738418579,0.011212474666535854,0.003655803157016635
45,0.6467970609664917,0.2363736159750137,0.5565033555030823,0.5668919682502747,0.5145351886749268,0.5142587423324585,0.5150828957557678,0.5157268047332764,0.5165070295333862,0.5167223811149597,0.5168936252593994,0.5172764658927917,0.5176011919975281,0.5179877281188965,0.5185467600822449,0.5189122557640076,0.5190151333808899,0.5192475914955139,0.519503653049469,0.5195316672325134,0.5198065042495728,0.5200111269950867,0.5201509594917297,0.5202669501304626,0.5203208923339844,0.520595133304596,0.5207026600837708,0.5217039585113525,0.012033659033477306,0.005510306917130947,0.5510492920875549,0.5799583196640015,0.5178676247596741,0.5166563391685486,0.5171612501144409,0.5174426436424255,0.517268180847168,0.5171240568161011,0.5169836282730103,0.5165948271751404,0.5161940455436707,0.5156451463699341,0.5147367715835571,0.5140820741653442,0.5138901472091675,0.5134453773498535,0.5129385590553284,0.5128820538520813,0.5123183131217957,0.5118873119354248,0.5115876197814941,0.5113360285758972,0.511218249797821,0.510610044002533,0.5103679299354553,0.5097851753234863,0.5096852779388428,0.5091062784194946,0.5084214210510254,0.5082767009735107,0.5078907608985901,0.5072237253189087,0.506919264793396,0.5067995190620422,0.5064124464988708,0.5061518549919128,0.5057566165924072,0.5055563449859619,0.5052788853645325,0.5049854516983032,0.5048038959503174,0.5044049024581909,0.5042109489440918,0.5040403008460999,0.5038495063781738,0.503516674041748,0.5032247304916382,0.5030916929244995,0.5029432773590088,0.502488374710083,0.502442479133606,0.5023178458213806,0.5019034743309021,0.50169837474823,0.5015317797660828,0.5011812448501587,0.5009897947311401,0.5009568333625793,0.500754714012146,0.5004556775093079,0.5003184676170349,0.5000457763671875,0.49988892674446106,0.4998210072517395,0.4996940493583679,0.4995500445365906,0.4993143677711487,0.49913567304611206,0.4990085959434509,0.498854398727417,0.4986007809638977,0.4984339773654938,0.4981464445590973,0.4979955852031708,0.49778255820274353,0.49746978282928467,0.49745574593544006,0.4974156320095062,0.4971402883529663,0.4969581663608551,0.49675798416137695,0.4966415762901306,0.49649882316589355,0.49638667702674866,0.4962993860244751,0.4962153732776642,0.49619221687316895,0.4960501492023468,0.49588072299957275,0.49567627906799316,0.4956165850162506,0.49544352293014526,0.495343953371048,0.49523791670799255,0.4952247440814972,0.4949236214160919,0.4947102665901184,0.4945855438709259,0.49451538920402527,0.49429330229759216,0.4942421615123749,0.49421077966690063,0.49412423372268677,0.4940459728240967,0.4938926100730896,0.49376562237739563,0.49367213249206543,0.49350813031196594,0.4934288263320923,0.49335941672325134,0.49318063259124756,0.4930461347103119,0.49292272329330444,0.4928106963634491,0.49271222949028015,0.49267709255218506,0.4925123453140259,0.4923642575740814,0.49231040477752686,0.49222472310066223,0.49218326807022095,0.4920819103717804,0.49201062321662903,0.49180537462234497,0.4916125535964966,0.4915500283241272,0.49148061871528625,0.49133363366127014,0.49123701453208923,0.49110859632492065,0.5022095441818237,0.011196414940059185,0.0034905062057077885
50,0.6438402533531189,0.23652306450501373,0.5595226287841797,0.5654197335243225,0.514970064163208,0.5146611928939819,0.5153910517692566,0.5159951448440552,0.5167485475540161,0.5169596076011658,0.517128050327301,0.5175066590309143,0.5178295373916626,0.518215537071228,0.5187762975692749,0.5191441774368286,0.5192478895187378,0.5194823741912842,0.5197409987449646,0.5197693705558777,0.5200472474098206,0.5202544331550598,0.5203961133956909,0.520513653755188,0.5205682516098022,0.5208464860916138,0.5209555625915527,0.5220036506652832,0.012105390429496765,0.005605940241366625,0.5531798005104065,0.578032910823822,0.5181247591972351,0.5169791579246521,0.5174587965011597,0.5177234411239624,0.5175543427467346,0.5174165368080139,0.517282247543335,0.516910970211029,0.5165284276008606,0.5160046219825745,0.515137791633606,0.5145130753517151,0.5143299698829651,0.5139055848121643,0.5134220123291016,0.5133680701255798,0.5128301978111267,0.5124189257621765,0.5121330618858337,0.5118929743766785,0.5117806196212769,0.5112003087997437,0.510969340801239,0.5104133486747742,0.5103180408477783,0.5097656846046448,0.5091124176979065,0.5089743137359619,0.5086061954498291,0.5079699158668518,0.5076795220375061,0.5075653195381165,0.5071961879730225,0.5069476366043091,0.5065706968307495,0.5063796043395996,0.5061150789260864,0.5058351755142212,0.5056621432304382,0.5052816271781921,0.5050966739654541,0.5049339532852173,0.5047520399093628,0.5044346451759338,0.5041562914848328,0.5040294528007507,0.5038878917694092,0.5034542679786682,0.5034105181694031,0.5032916069030762,0.5028966069221497,0.5027011036872864,0.50254225730896,0.5022080540657043,0.5020256042480469,0.5019941329956055,0.5018014907836914,0.5015164017677307,0.5013856291770935,0.501125693321228,0.5009762048721313,0.5009114742279053,0.5007904767990112,0.5006532073020935,0.5004285573959351,0.5002582669258118,0.500137209892273,0.49999022483825684,0.49974846839904785,0.4995894730091095,0.499315470457077,0.4991716742515564,0.4989687204360962,0.49867066740989685,0.4986572563648224,0.49861907958984375,0.4983566999435425,0.49818307161331177,0.4979923963546753,0.4978814125061035,0.49774548411369324,0.4976385831832886,0.4975554049015045,0.49747538566589355,0.4974532425403595,0.49731793999671936,0.49715644121170044,0.49696168303489685,0.49690482020378113,0.49673992395401,0.4966449737548828,0.4965440332889557,0.49653151631355286,0.4962446093559265,0.49604129791259766,0.4959224760532379,0.4958556890487671,0.49564412236213684,0.49559539556503296,0.4955655038356781,0.4954831004142761,0.4954085350036621,0.49526241421699524,0.49514150619506836,0.49505236744880676,0.49489617347717285,0.49482056498527527,0.49475449323654175,0.4945841431617737,0.49445605278015137,0.4943385124206543,0.49423179030418396,0.49413803219795227,0.4941045045852661,0.4939476251602173,0.49380654096603394,0.4937552809715271,0.4936736822128296,0.4936341941356659,0.49353763461112976,0.4934697151184082,0.4932742416858673,0.49309059977531433,0.49303099513053894,0.4929649531841278,0.4928249418735504,0.4927329421043396,0.49261054396629333,0.5032230615615845,0.010831637308001518,0.0036563659086823463
55,0.6432916522026062,0.23652562280588788,0.5624123215675354,0.5637698769569397,0.5148534178733826,0.5145886540412903,0.5153548121452332,0.5159788131713867,0.516750156879425,0.5169643759727478,0.5171347260475159,0.5175155997276306,0.517838180065155,0.5182214975357056,0.5187737941741943,0.5191335082054138,0.5192345976829529,0.5194626450538635,0.519713282585144,0.5197407007217407,0.5200090408325195,0.520208477973938,0.520344614982605,0.52045738697052,0.5205097794532776,0.5207759737968445,0.5208801031112671,0.5220250487327576,0.012252159416675568,0.005435266997665167,0.5551502704620361,0.5761086940765381,0.5180436968803406,0.5169627070426941,0.517392098903656,0.5175794959068298,0.5172960758209229,0.5171241164207458,0.5169620513916016,0.5165271162986755,0.5160890817642212,0.5154978036880493,0.5145313143730164,0.5138402581214905,0.5136383175849915,0.5131711363792419,0.512640118598938,0.5125809907913208,0.5119917392730713,0.511542022228241,0.5112296938896179,0.5109677314758301,0.5108450651168823,0.5102125406265259,0.509960949420929,0.5093560218811035,0.5092523694038391,0.5086520314216614,0.5079426765441895,0.5077927708625793,0.5073934197425842,0.5067036747932434,0.5063889622688293,0.5062652826309204,0.5058655142784119,0.505596399307251,0.5051884055137634,0.5049816966056824,0.504695475101471,0.5043928027153015,0.5042056441307068,0.503794252872467,0.5035942792892456,0.503418505191803,0.503221869468689,0.5028790235519409,0.5025783181190491,0.5024413466453552,0.5022884607315063,0.5018202066421509,0.5017729997634888,0.5016446709632874,0.501218318939209,0.5010073184967041,0.5008358955383301,0.5004753470420837,0.5002784729003906,0.5002446174621582,0.5000367164611816,0.49972930550575256,0.499588280916214,0.4993079900741577,0.49914684891700745,0.4990769922733307,0.49894657731056213,0.49879857897758484,0.4985564947128296,0.4983728528022766,0.4982423782348633,0.49808403849601746,0.4978235065937042,0.49765223264694214,0.49735698103904724,0.4972020983695984,0.49698346853256226,0.4966624081134796,0.49664804339408875,0.49660682678222656,0.49632421135902405,0.4961373507976532,0.4959319829940796,0.4958125054836273,0.49566611647605896,0.4955509901046753,0.49546143412590027,0.49537530541419983,0.49535155296325684,0.4952057898044586,0.4950319826602936,0.49482232332229614,0.49476107954978943,0.4945836663246155,0.49448153376579285,0.49437275528907776,0.4943593144416809,0.49405062198638916,0.4938318431377411,0.49370402097702026,0.49363207817077637,0.49340444803237915,0.4933520555496216,0.4933198392391205,0.4932312071323395,0.4931509494781494,0.4929937422275543,0.49286362528800964,0.492767870426178,0.4925997853279114,0.49251851439476013,0.49244746565818787,0.4922642409801483,0.4921264350414276,0.492000013589859,0.491885244846344,0.49178436398506165,0.4917483925819397,0.49157965183258057,0.4914279878139496,0.4913727939128876,0.4912850558757782,0.49124258756637573,0.4911387860774994,0.4910658001899719,0.4908555746078491,0.490658164024353,0.49059411883354187,0.490523099899292,0.49037259817123413,0.49027368426322937,0.4901421368122101,0.501556396484375,0.011388610117137432,0.0035616944078356028
60,0.6442123651504517,0.23710208787612527,0.5651240944862366,0.5621564388275146,0.5148789882659912,0.5147404074668884,0.5156316757202148,0.5163023471832275,0.517111599445343,0.5173339247703552,0.517510175704956,0.5179027915000916,0.5182340741157532,0.5186262726783752,0.5191894173622131,0.5195549726486206,0.519657552242279,0.5198886394500732,0.5201423168182373,0.5201700925827026,0.5204411745071411,0.5206423997879028,0.5207796096801758,0.5208932161331177,0.5209459662437439,0.521213710308075,0.5213183164596558,0.5224156379699707,0.012316363863646984,0.0055912332609295845,0.5569925308227539,0.5742049217224121,0.5178429484367371,0.5168758034706116,0.5173527002334595,0.5175210237503052,0.5171899199485779,0.5170018672943115,0.5168265104293823,0.5163602828979492,0.5158945918083191,0.5152692794799805,0.5142523050308228,0.5135276317596436,0.5133160948753357,0.5128273367881775,0.5122724175453186,0.5122106671333313,0.5115955471992493,0.5111265182495117,0.5108010172843933,0.5105279684066772,0.5104002356529236,0.5097416043281555,0.509479820728302,0.5088505148887634,0.5087426900863647,0.5081185698509216,0.5073814988136292,0.5072258114814758,0.5068110823631287,0.5060949325561523,0.505768358707428,0.505639910697937,0.5052251815795898,0.5049459934234619,0.5045228004455566,0.5043084025382996,0.5040116310119629,0.5036977529525757,0.5035037398338318,0.5030773282051086,0.5028700828552246,0.5026878714561462,0.502484142780304,0.5021288394927979,0.5018172860145569,0.5016753673553467,0.5015169978141785,0.5010319948196411,0.5009830594062805,0.5008501410484314,0.5004085898399353,0.5001901388168335,0.5000126361846924,0.4996393024921417,0.49943551421165466,0.49940043687820435,0.4991852343082428,0.4988670349121094,0.49872106313705444,0.4984309673309326,0.4982641637325287,0.49819183349609375,0.4980568289756775,0.4979037046432495,0.49765321612358093,0.4974632263183594,0.4973282217979431,0.4971643388271332,0.49689480662345886,0.49671757221221924,0.4964122176170349,0.4962519407272339,0.4960257411003113,0.4956936538219452,0.49567878246307373,0.49563613533973694,0.495343953371048,0.495150625705719,0.4949381649494171,0.49481460452079773,0.4946632385253906,0.49454420804977417,0.4944516122341156,0.4943625032901764,0.49433791637420654,0.49418729543685913,0.49400755763053894,0.49379074573516846,0.4937273859977722,0.49354398250579834,0.49343836307525635,0.49332600831985474,0.49331194162368774,0.4929928183555603,0.49276670813560486,0.49263450503349304,0.4925602376461029,0.49232491850852966,0.49227070808410645,0.4922374486923218,0.49214571714401245,0.4920628070831299,0.4919002950191498,0.49176591634750366,0.4916668236255646,0.4914931654930115,0.49140915274620056,0.4913357198238373,0.4911462962627411,0.4910039007663727,0.49087321758270264,0.4907546043395996,0.49065035581588745,0.4906132221221924,0.4904388189315796,0.4902820885181427,0.49022507667541504,0.4901343882083893,0.4900905191898346,0.4899832308292389,0.48990780115127563,0.4896906316280365,0.48948660492897034,0.48942041397094727,0.48934704065322876,0.48919156193733215,0.48908933997154236,0.4889534115791321,0.5007522702217102,0.011647752486169338,0.003735976293683052
65,0.6441502571105957,0.23701463788582514,0.5678040981292725,0.5604887008666992,0.5144885182380676,0.5144721269607544,0.5155681371688843,0.5163794755935669,0.5173633098602295,0.5176335573196411,0.5178476572036743,0.5183237195014954,0.5187243223190308,0.5191972255706787,0.5198734998703003,0.5203108787536621,0.5204333662986755,0.5207090377807617,0.5210111141204834,0.5210440754890442,0.5213662385940552,0.5216050744056702,0.5217676758766174,0.5219022035598755,0.5219646096229553,0.522281289100647,0.5224049091339111,0.522998571395874,0.012401091866195202,0.00575470644980669,0.5587440133094788,0.5722188949584961,0.5173295736312866,0.5165758728981018,0.5173428654670715,0.5176668763160706,0.5175046920776367,0.5173604488372803,0.5172191262245178,0.5168268084526062,0.5164217352867126,0.5158663988113403,0.5149469375610352,0.5142841935157776,0.5140898823738098,0.5136395692825317,0.5131264925003052,0.5130692720413208,0.5124984979629517,0.512062132358551,0.5117587447166443,0.5115039944648743,0.5113847255706787,0.5107689499855042,0.510523796081543,0.5099337697029114,0.5098326206207275,0.5092464089393616,0.5085529685020447,0.508406400680542,0.5080156326293945,0.5073402523994446,0.5070319175720215,0.5069106817245483,0.5065187811851501,0.5062549710273743,0.5058546662330627,0.5056518316268921,0.5053709745407104,0.5050737261772156,0.504889965057373,0.5044859051704407,0.5042895078659058,0.5041167140007019,0.5039235353469849,0.50358647108078,0.5032908320426941,0.5031560659408569,0.5030057430267334,0.5025451183319092,0.5024986267089844,0.5023723840713501,0.5019527673721313,0.5017451047897339,0.5015763640403748,0.5012213587760925,0.5010274648666382,0.500994086265564,0.5007894039154053,0.5004865527153015,0.5003476142883301,0.5000714063644409,0.4999125897884369,0.4998437762260437,0.4997151792049408,0.499569296836853,0.49933069944381714,0.49914970993995667,0.4990209937095642,0.4988648593425751,0.49860793352127075,0.4984389543533325,0.4981478154659271,0.497994989156723,0.4977792501449585,0.4974624514579773,0.49744823575019836,0.49740758538246155,0.4971287250518799,0.49694424867630005,0.4967414438724518,0.49662351608276367,0.4964790344238281,0.49636533856391907,0.49627700448036194,0.4961918890476227,0.4961684048175812,0.4960245192050934,0.49585288763046265,0.49564579129219055,0.4955853223800659,0.4954100549221039,0.49530914425849915,0.4952017664909363,0.495188444852829,0.4948834478855133,0.49466732144355774,0.4945409893989563,0.49446991086006165,0.4942449629306793,0.4941931664943695,0.49416133761405945,0.49407365918159485,0.49399441480636597,0.49383899569511414,0.4937104284763336,0.4936157166957855,0.4934496283531189,0.49336928129196167,0.4932989478111267,0.4931178390979767,0.49298158288002014,0.49285656213760376,0.4927430748939514,0.4926432967185974,0.4926077723503113,0.4924408495426178,0.4922908842563629,0.49223628640174866,0.4921495318412781,0.49210748076438904,0.4920048117637634,0.49193260073661804,0.4917246401309967,0.49152928590774536,0.4914659261703491,0.4913956820964813,0.4912468492984772,0.4911489486694336,0.49101877212524414,0.5022391676902771,0.01113386731594801,0.0036110351793468
70,0.6434717774391174,0.23686584818704892,0.570304274559021,0.5591933131217957,0.5143744945526123,0.5143090486526489,0.5154052972793579,0.5162894129753113,0.5174130201339722,0.5177284479141235,0.5179800391197205,0.5185434818267822,0.5190215110778809,0.519589364528656,0.5204068422317505,0.5209384560585022,0.521087646484375,0.5214239954948425,0.5217934250831604,0.5218337774276733,0.5222286581993103,0.5225218534469604,0.5227218270301819,0.5228874087333679,0.5229642391204834,0.5233545899391174,0.5235071778297424,0.5235128402709961,0.012564190663397312,0.005427022464573383,0.5602587461471558,0.5705637335777283,0.5171564221382141,0.5164685249328613,0.517357587814331,0.5177958011627197,0.5177924036979675,0.5176932215690613,0.5175875425338745,0.5172742009162903,0.5169345140457153,0.5164549946784973,0.5156406760215759,0.5150437355041504,0.5148675441741943,0.5144575238227844,0.5139878988265991,0.513935387134552,0.5134100317955017,0.5130068063735962,0.5127257704734802,0.5124893188476562,0.512378454208374,0.5118051171302795,0.5115763545036316,0.5110245943069458,0.5109298825263977,0.5103800892829895,0.509728193283081,0.509590208530426,0.5092219710350037,0.5085844397544861,0.5082930326461792,0.5081783533096313,0.5078074932098389,0.5075575113296509,0.5071780681610107,0.5069856643676758,0.5067190527915955,0.506436824798584,0.5062621831893921,0.5058779716491699,0.5056911110877991,0.5055266618728638,0.5053426623344421,0.5050216317176819,0.5047398805618286,0.5046114325523376,0.5044680833816528,0.5040284991264343,0.5039841532707214,0.5038636326789856,0.5034629106521606,0.5032644271850586,0.5031031370162964,0.5027636289596558,0.5025781989097595,0.5025462508201599,0.502350389957428,0.5020605325698853,0.5019274353981018,0.5016629099845886,0.5015107989311218,0.5014448165893555,0.5013216137886047,0.5011818408966064,0.5009530186653137,0.5007794499397278,0.5006560683250427,0.5005062818527222,0.5002597570419312,0.5000976324081421,0.4998180866241455,0.4996713101863861,0.4994641840457916,0.4991597831249237,0.4991461932659149,0.4991071820259094,0.4988391101360321,0.4986617863178253,0.4984669089317322,0.4983534514904022,0.498214453458786,0.49810516834259033,0.4980201721191406,0.49793827533721924,0.49791571497917175,0.4977772533893585,0.4976121187210083,0.4974128007888794,0.49735456705093384,0.4971858859062195,0.4970886707305908,0.4969853162765503,0.4969724714756012,0.49667873978614807,0.49647057056427,0.4963488280773163,0.49628040194511414,0.49606359004974365,0.49601367115974426,0.4959830045700073,0.4958985447883606,0.49582210183143616,0.495672345161438,0.49554842710494995,0.4954570531845093,0.4952968955039978,0.4952193796634674,0.4951516091823578,0.49497687816619873,0.494845449924469,0.494724839925766,0.4946153461933136,0.49451905488967896,0.4944847822189331,0.4943237006664276,0.4941789209842682,0.4941262900829315,0.4940424859523773,0.49400198459625244,0.49390286207199097,0.493833065032959,0.49363231658935547,0.49344369769096375,0.4933825135231018,0.49331462383270264,0.4931708872318268,0.49307626485824585,0.49295052886009216,0.5036757588386536,0.010674780234694481,0.003531193593516946
75,0.6445801854133606,0.23677736356225682,0.5725685954093933,0.557770311832428,0.5141700506210327,0.514025866985321,0.5148335695266724,0.5155002474784851,0.5163756608963013,0.5166287422180176,0.5168329477310181,0.5172979831695557,0.5177006125450134,0.5181879997253418,0.5189061164855957,0.5193825364112854,0.5195176005363464,0.5198240280151367,0.5201635360717773,0.5202008485794067,0.5205676555633545,0.5208421349525452,0.5210303068161011,0.5211868286132812,0.521259605884552,0.5216312408447266,0.521777331829071,0.5223272442817688,0.01301458291709423,0.005576320458203554,0.5614064931869507,0.568895161151886,0.5168769955635071,0.5161682963371277,0.5168852806091309,0.5172020196914673,0.5170766115188599,0.5169496536254883,0.5168237686157227,0.5164704918861389,0.5161024332046509,0.5155948996543884,0.5147496461868286,0.5141376852989197,0.5139579772949219,0.5135408639907837,0.513064980506897,0.5130118727684021,0.5124815106391907,0.5120754837989807,0.5117930173873901,0.5115556716918945,0.5114444494247437,0.510870099067688,0.5106412768363953,0.5100901126861572,0.5099955201148987,0.5094472765922546,0.5087981820106506,0.5086609721183777,0.5082947611808777,0.5076615810394287,0.5073723793029785,0.5072586536407471,0.5068908333778381,0.5066430568695068,0.5062671899795532,0.5060766339302063,0.5058127045631409,0.5055333375930786,0.5053605437278748,0.5049805641174316,0.5047957897186279,0.5046333074569702,0.5044514536857605,0.5041342973709106,0.5038560032844543,0.5037291049957275,0.5035876035690308,0.5031537413597107,0.5031099915504456,0.5029910206794739,0.5025956630706787,0.5023999214172363,0.5022408962249756,0.501906156539917,0.5017233490943909,0.5016919374465942,0.501498818397522,0.5012131929397583,0.5010821223258972,0.500821590423584,0.5006717443466187,0.5006067752838135,0.5004854202270508,0.5003477931022644,0.5001225471496582,0.49995166063308716,0.4998301863670349,0.499682754278183,0.49944016337394714,0.4992806017398834,0.4990055561065674,0.4988612234592438,0.4986574351787567,0.4983581304550171,0.49834465980529785,0.4983063042163849,0.4980427622795105,0.4978683590888977,0.4976767897605896,0.49756526947021484,0.4974287152290344,0.4973212480545044,0.4972376525402069,0.4971572458744049,0.4971349835395813,0.49699902534484863,0.49683666229248047,0.4966408610343933,0.4965836703777313,0.49641790986061096,0.4963224530220032,0.4962208867073059,0.4962082505226135,0.49591976404190063,0.49571529030799866,0.4955957233905792,0.49552851915359497,0.49531567096710205,0.4952666163444519,0.4952365458011627,0.49515360593795776,0.49507856369018555,0.49493151903152466,0.4948098361492157,0.4947201907634735,0.49456292390823364,0.49448686838150024,0.4944203197956085,0.49424880743026733,0.4941198229789734,0.49400144815444946,0.4938940107822418,0.4937995672225952,0.49376586079597473,0.49360787868499756,0.4934658110141754,0.49341410398483276,0.4933319091796875,0.4932921826839447,0.49319490790367126,0.4931264817714691,0.4929295480251312,0.49274447560310364,0.4926845133304596,0.4926179051399231,0.4924768805503845,0.4923841059207916,0.49226078391075134,0.5028788447380066,0.010693580843508244,0.003544760635122657
80,0.6424033641815186,0.2368198272751705,0.5748050808906555,0.5564466714859009,0.5144211053848267,0.5144171714782715,0.5153231620788574,0.515968918800354,0.516746997833252,0.5169620513916016,0.5171332955360413,0.5175166726112366,0.517842710018158,0.5182320475578308,0.5187973976135254,0.519168496131897,0.5192732214927673,0.5195101499557495,0.5197717547416687,0.5198004245758057,0.5200818777084351,0.5202920436859131,0.5204358696937561,0.520555317401886,0.5206108093261719,0.520893931388855,0.5210050344467163,0.5222404599189758,0.013197912834584713,0.005879437550902367,0.5626764893531799,0.567263662815094,0.5166492462158203,0.5160346627235413,0.5168041586875916,0.5171219110488892,0.5169856548309326,0.5168548226356506,0.5167257785797119,0.5163653492927551,0.5159915089607239,0.5154774188995361,0.514623761177063,0.514007031917572,0.5138260722160339,0.5134063959121704,0.5129278302192688,0.5128744840621948,0.5123416781425476,0.5119339823722839,0.5116505026817322,0.5114123821258545,0.511300802230835,0.5107247829437256,0.5104954242706299,0.5099430680274963,0.5098483562469482,0.5092992186546326,0.5086494088172913,0.5085119605064392,0.5081455707550049,0.507512092590332,0.5072228312492371,0.5071090459823608,0.5067412853240967,0.5064935684204102,0.5061177611351013,0.505927324295044,0.5056634545326233,0.5053843259811401,0.5052116513252258,0.5048320293426514,0.5046474933624268,0.5044851303100586,0.504303514957428,0.5039867162704468,0.5037087202072144,0.5035820603370667,0.5034407377243042,0.5030075311660767,0.5029638409614563,0.5028451085090637,0.5024503469467163,0.5022550225257874,0.5020962357521057,0.5017622113227844,0.501579761505127,0.5015483498573303,0.5013557076454163,0.5010706186294556,0.5009398460388184,0.5006798505783081,0.5005303025245667,0.5004655122756958,0.500344455242157,0.5002071261405945,0.49998241662979126,0.49981194734573364,0.4996907711029053,0.4995437264442444,0.4993017613887787,0.4991425573825836,0.49886828660964966,0.4987243115901947,0.4985211193561554,0.49822261929512024,0.49820923805236816,0.4981708824634552,0.4979081451892853,0.4977342486381531,0.49754318594932556,0.49743202328681946,0.4972958266735077,0.4971887171268463,0.4971054196357727,0.49702516198158264,0.4970030188560486,0.49686744809150696,0.4967056214809418,0.4965103566646576,0.49645334482192993,0.4962881803512573,0.496192991733551,0.4960917532444,0.4960792064666748,0.49579164385795593,0.4955877661705017,0.4954686462879181,0.49540162086486816,0.49518948793411255,0.49514061212539673,0.4951106309890747,0.49502789974212646,0.49495312571525574,0.49480655789375305,0.4946852922439575,0.4945959150791168,0.4944392442703247,0.4943634271621704,0.4942971467971802,0.4941262900829315,0.4939976632595062,0.4938797056674957,0.4937726557254791,0.49367856979370117,0.49364498257637024,0.49348753690719604,0.4933459460735321,0.49329444766044617,0.49321258068084717,0.4931729733943939,0.49307602643966675,0.4930078685283661,0.4928116202354431,0.49262726306915283,0.4925675094127655,0.4925011098384857,0.4923606216907501,0.49226823449134827,0.4921453595161438,0.5027446150779724,0.010681119747459888,0.0037615131586790085
85,0.6454141736030579,0.23654354357842586,0.577041506767273,0.5551549196243286,0.514127790927887,0.5141260027885437,0.5150962471961975,0.5158450603485107,0.5167979598045349,0.5170679092407227,0.5172841548919678,0.5177718997001648,0.5181891918182373,0.5186892747879028,0.5194170475006104,0.5198949575424194,0.5200297832489014,0.5203346014022827,0.5206709504127502,0.5207077860832214,0.5210692286491394,0.5213387608528137,0.5215230584144592,0.5216760039329529,0.5217471122741699,0.5221090912818909,0.5222510099411011,0.522798478603363,0.013360165059566498,0.0054566515609622,0.5638987421989441,0.5657215118408203,0.5165026187896729,0.5159727334976196,0.5168012976646423,0.5171335339546204,0.5170008540153503,0.5168687105178833,0.5167379975318909,0.5163722038269043,0.5159918665885925,0.5154683589935303,0.5145978331565857,0.5139684081077576,0.5137836933135986,0.5133551359176636,0.5128663182258606,0.5128118395805359,0.5122674703598022,0.5118508338928223,0.5115610957145691,0.5113176703453064,0.5112037062644958,0.510614812374115,0.5103802680969238,0.5098154544830322,0.5097185969352722,0.5091570019721985,0.5084924101829529,0.5083518624305725,0.5079770684242249,0.5073290467262268,0.507033109664917,0.5069167017936707,0.5065404176712036,0.5062870383262634,0.5059025883674622,0.5057077407836914,0.5054377913475037,0.5051522254943848,0.5049754977226257,0.5045871138572693,0.5043982267379761,0.5042321085929871,0.5040462613105774,0.5037221312522888,0.5034377574920654,0.503308117389679,0.5031635165214539,0.5027202367782593,0.5026755332946777,0.5025540590286255,0.5021501183509827,0.5019502639770508,0.5017877817153931,0.5014459490776062,0.5012592673301697,0.5012271404266357,0.5010300278663635,0.5007383227348328,0.500604510307312,0.5003384947776794,0.500185489654541,0.500119149684906,0.49999529123306274,0.49985477328300476,0.4996248185634613,0.4994504451751709,0.4993264079093933,0.4991759657859802,0.49892833828926086,0.4987655580043793,0.49848487973213196,0.4983375668525696,0.49812960624694824,0.49782416224479675,0.4978104531764984,0.497771292924881,0.4975024163722992,0.49732455611228943,0.497128963470459,0.4970152676105499,0.49687591195106506,0.49676626920700073,0.4966810941696167,0.496599018573761,0.49657630920410156,0.49643760919570923,0.49627208709716797,0.49607226252555847,0.49601396918296814,0.49584490060806274,0.49574756622314453,0.4956440031528473,0.4956310987472534,0.4953368604183197,0.495128333568573,0.49500638246536255,0.49493786692619324,0.49472081661224365,0.4946708083152771,0.49464014172554016,0.4945555627346039,0.49447906017303467,0.4943291246891022,0.4942049980163574,0.49411359429359436,0.4939533472061157,0.49387574195861816,0.49380794167518616,0.49363309144973755,0.49350157380104065,0.49338090419769287,0.4932713508605957,0.49317505955696106,0.49314072728157043,0.49297967553138733,0.49283483624458313,0.4927821457386017,0.49269840121269226,0.4926578998565674,0.49255871772766113,0.4924889802932739,0.4922882318496704,0.4920996427536011,0.49203845858573914,0.49197062849998474,0.4918269217014313,0.4917323589324951,0.4916066527366638,0.5024274587631226,0.010804074816405773,0.003427351824939251
90,0.6440332531929016,0.2365223270685411,0.5790246725082397,0.5539833903312683,0.5145715475082397,0.5147149562835693,0.5157876014709473,0.5165173411369324,0.5173765420913696,0.5176100134849548,0.5177944898605347,0.518203854560852,0.5185478329658508,0.5189540386199951,0.5195359587669373,0.519913375377655,0.5200192332267761,0.520257830619812,0.5205198526382446,0.5205485224723816,0.5208286643028259,0.5210367441177368,0.5211787223815918,0.5212963223457336,0.5213509202003479,0.5216284394264221,0.5217369198799133,0.5229175090789795,0.013491231016814709,0.005570462439209223,0.5647825002670288,0.5643309354782104,0.5167744755744934,0.5162981152534485,0.5170288681983948,0.5172444581985474,0.5169579386711121,0.516783595085144,0.5166196823120117,0.5161812901496887,0.5157414674758911,0.5151494741439819,0.514184832572937,0.5134966969490051,0.5132958292961121,0.5128313302993774,0.51230388879776,0.5122451782226562,0.5116603374481201,0.5112143158912659,0.5109046697616577,0.5106449723243713,0.5105234384536743,0.5098968148231506,0.5096476674079895,0.5090487003326416,0.5089460611343384,0.5083519816398621,0.5076501965522766,0.507502019405365,0.5071070194244385,0.5064250826835632,0.5061139464378357,0.5059916377067566,0.5055965185165405,0.5053306221961975,0.5049274563789368,0.5047231912612915,0.504440426826477,0.5041413307189941,0.5039564371109009,0.5035500526428223,0.5033525824546814,0.5031788945198059,0.5029847025871277,0.5026460886001587,0.5023490786552429,0.5022138357162476,0.5020628571510315,0.501600444316864,0.5015538334846497,0.5014271140098572,0.5010061264038086,0.5007978081703186,0.5006285309791565,0.5002725124359131,0.5000782012939453,0.5000447630882263,0.4998396039009094,0.49953603744506836,0.49939680099487305,0.4991201162338257,0.49896106123924255,0.4988921582698822,0.4987633526325226,0.4986173212528229,0.49837830662727356,0.4981970489025116,0.498068243265152,0.49791187047958374,0.4976547658443451,0.4974856972694397,0.4971942603588104,0.4970414340496063,0.49682560563087463,0.49650871753692627,0.49649447202682495,0.49645382165908813,0.49617496132850647,0.495990514755249,0.49578776955604553,0.49566981196403503,0.4955253601074219,0.49541175365448,0.4953233599662781,0.4952383041381836,0.4952148497104645,0.49507108330726624,0.4948995113372803,0.4946925938129425,0.49463215470314026,0.49445703625679016,0.4943562150001526,0.4942488968372345,0.4942355751991272,0.4939308762550354,0.4937150180339813,0.49358880519866943,0.4935179054737091,0.49329322576522827,0.49324145913124084,0.49320974946022034,0.4931221902370453,0.4930430054664612,0.49288785457611084,0.4927595257759094,0.4926648736000061,0.49249908328056335,0.4924188256263733,0.49234873056411743,0.4921678900718689,0.49203187227249146,0.4919070601463318,0.49179384112358093,0.4916943311691284,0.4916588068008423,0.49149227142333984,0.4913425147533417,0.49128806591033936,0.4912015199661255,0.491159588098526,0.4910571277141571,0.49098509550094604,0.4907775819301605,0.49058276414871216,0.49051952362060547,0.4904494285583496,0.4903009533882141,0.490203320980072,0.49007341265678406,0.5013379454612732,0.011161972768604755,0.0037167111877352
95,0.6457579135894775,0.2364890228330058,0.5811416506767273,0.552871823310852,0.514335036277771,0.5143342018127441,0.5151286125183105,0.5157249569892883,0.5164909362792969,0.5167109370231628,0.5168883204460144,0.5172916650772095,0.5176404118537903,0.5180622935295105,0.5186831951141357,0.5190948247909546,0.51921147108078,0.5194759368896484,0.5197689533233643,0.5198010802268982,0.5201174020767212,0.5203539133071899,0.5205160975456238,0.5206508636474609,0.5207135677337646,0.5210334658622742,0.5211592316627502,0.5222880840301514,0.013929744251072407,0.00545939477160573,0.5657949447631836,0.5629118084907532,0.5165402889251709,0.516106367111206,0.5168800354003906,0.5171340107917786,0.5169044733047485,0.5167468190193176,0.516596257686615,0.5161876678466797,0.5157727599143982,0.5152097940444946,0.5142852663993835,0.5136221051216125,0.5134280323982239,0.512978732585907,0.5124675035476685,0.5124105215072632,0.5118424892425537,0.5114085674285889,0.5111070275306702,0.5108538866043091,0.5107353925704956,0.5101239085197449,0.509880542755127,0.5092949867248535,0.5091946721076965,0.5086130499839783,0.5079253911972046,0.5077800154685974,0.5073925852775574,0.5067229270935059,0.5064173340797424,0.5062971711158752,0.505908727645874,0.5056471824645996,0.5052504539489746,0.5050494074821472,0.5047710537910461,0.5044764876365662,0.5042943954467773,0.5038939118385315,0.5036992430686951,0.5035280585289001,0.5033365488052368,0.5030025243759155,0.5027095079421997,0.5025759935379028,0.5024270415306091,0.5019704699516296,0.501924455165863,0.5017992854118347,0.5013834238052368,0.5011776089668274,0.5010103583335876,0.5006585121154785,0.5004663467407227,0.5004332661628723,0.5002303123474121,0.49993014335632324,0.4997924268245697,0.4995186924934387,0.4993612468242645,0.4992930293083191,0.4991656243801117,0.4990209937095642,0.4987843930721283,0.49860498309135437,0.4984774589538574,0.49832263588905334,0.4980679452419281,0.49790045619010925,0.49761179089546204,0.4974602162837982,0.4972463846206665,0.4969322383403778,0.4969182312488556,0.49687790870666504,0.496601402759552,0.49641844630241394,0.4962174594402313,0.4961004853248596,0.4959571957588196,0.4958445131778717,0.4957568347454071,0.49567246437072754,0.49564918875694275,0.49550649523735046,0.4953363239765167,0.4951309859752655,0.49507102370262146,0.49489715695381165,0.49479711055755615,0.49469059705734253,0.4946773648262024,0.49437493085861206,0.4941605031490326,0.4940352439880371,0.4939647316932678,0.4937416911125183,0.4936903119087219,0.4936586916446686,0.49357178807258606,0.4934931695461273,0.49333900213241577,0.4932114779949188,0.49311748147010803,0.49295273423194885,0.49287301301956177,0.49280330538749695,0.49262362718582153,0.49248844385147095,0.49236443638801575,0.4922518730163574,0.4921528697013855,0.49211764335632324,0.4919520616531372,0.49180322885513306,0.4917490780353546,0.49166297912597656,0.49162134528160095,0.49151939153671265,0.4914478063583374,0.491241455078125,0.49104762077331543,0.49098479747772217,0.49091508984565735,0.49076735973358154,0.49067023396492004,0.4905410408973694,0.5016747117042542,0.011017962358891964,0.0035658215638250113
100,0.644747793674469,0.2363281693235454,0.5832036733627319,0.5516641736030579,0.5141446590423584,0.5142759084701538,0.5152943134307861,0.5160032510757446,0.5168578028678894,0.5170934796333313,0.5172807574272156,0.5176993012428284,0.5180540084838867,0.5184760093688965,0.5190860033035278,0.5194846987724304,0.5195969343185425,0.5198505520820618,0.5201299786567688,0.5201605558395386,0.5204605460166931,0.520684003829956,0.5208367109298706,0.5209634900093079,0.5210224390029907,0.5213222503662109,0.5214398503303528,0.5226033926010132,0.014111937955021858,0.0055282991379499435,0.5668398141860962,0.5615342855453491,0.5164856910705566,0.5161384344100952,0.5169464945793152,0.5171811580657959,0.5169099569320679,0.5167394280433655,0.5165784955024719,0.5161469578742981,0.5157131552696228,0.5151288509368896,0.5141763091087341,0.5134968161582947,0.5132983922958374,0.5128397941589355,0.5123190879821777,0.5122612118721008,0.5116839408874512,0.5112438201904297,0.510938286781311,0.5106820464134216,0.5105621814727783,0.5099440217018127,0.5096983313560486,0.509107768535614,0.5090066194534302,0.5084208846092224,0.5077292919158936,0.5075832605361938,0.5071940422058105,0.5065221786499023,0.5062157511711121,0.5060953497886658,0.5057061910629272,0.5054442882537842,0.5050473213195801,0.5048462152481079,0.5045678615570068,0.5042734742164612,0.5040914416313171,0.5036914944648743,0.5034971237182617,0.5033262372016907,0.5031351447105408,0.5028018951416016,0.5025097131729126,0.5023766756057739,0.5022281408309937,0.5017732381820679,0.5017274022102356,0.5016027688980103,0.5011886954307556,0.5009838342666626,0.5008173584938049,0.5004673004150391,0.5002762675285339,0.5002433657646179,0.5000416040420532,0.4997432231903076,0.49960631132125854,0.49933433532714844,0.4991779029369354,0.4991101324558258,0.4989835321903229,0.4988400638103485,0.4986051023006439,0.49842700362205505,0.4983004033565521,0.49814674258232117,0.4978940784931183,0.4977278709411621,0.4974415898323059,0.49729135632514954,0.4970793128013611,0.49676793813705444,0.4967540502548218,0.4967140257358551,0.4964400827884674,0.49625879526138306,0.49605971574783325,0.4959438741207123,0.4958019554615021,0.49569037556648254,0.4956035912036896,0.49552008509635925,0.4954970180988312,0.4953557550907135,0.49518728256225586,0.49498409032821655,0.4949246644973755,0.4947527348995209,0.4946536719799042,0.49454835057258606,0.49453526735305786,0.4942361116409302,0.4940240979194641,0.4939001798629761,0.49383050203323364,0.4936099052429199,0.4935591220855713,0.493527889251709,0.49344196915626526,0.4933643043041229,0.493211954832077,0.4930858910083771,0.4929930567741394,0.4928302764892578,0.4927515387535095,0.49268266558647156,0.49250510334968567,0.4923716187477112,0.49224910140037537,0.49213796854019165,0.4920402467250824,0.49200543761253357,0.4918419122695923,0.49169501662254333,0.4916415214538574,0.4915565848350525,0.49151545763015747,0.491414874792099,0.4913441240787506,0.49114054441452026,0.4909493029117584,0.49088728427886963,0.49081847071647644,0.4906727373600006,0.4905768930912018,0.49044954776763916,0.5015276670455933,0.01102453749626875,0.003503647865727544
105,0.6444617509841919,0.23644568327281332,0.5851604342460632,0.5506685972213745,0.514419674873352,0.5145496129989624,0.5154820084571838,0.5161257982254028,0.5169118046760559,0.5171313285827637,0.5173067450523376,0.5177013278007507,0.5180385708808899,0.5184428095817566,0.5190321803092957,0.5194202065467834,0.5195297598838806,0.5197779536247253,0.5200521945953369,0.5200822353363037,0.5203775763511658,0.5205980539321899,0.520749032497406,0.5208744406700134,0.5209327936172485,0.5212301015853882,0.5213468074798584,0.5226377248764038,0.014356783591210842,0.005322008393704891,0.5677062273025513,0.5601778626441956,0.5163812637329102,0.5161018371582031,0.5169466733932495,0.517193078994751,0.5169399380683899,0.5167754888534546,0.5166198015213013,0.5162009596824646,0.5157787799835205,0.5152092576026917,0.5142794847488403,0.513615608215332,0.5134217739105225,0.512973427772522,0.512464165687561,0.5124075412750244,0.5118427872657776,0.5114120244979858,0.5111130475997925,0.5108622312545776,0.5107448101043701,0.5101396441459656,0.5098990797996521,0.5093206167221069,0.5092215538024902,0.5086477994918823,0.5079700946807861,0.5078269243240356,0.5074455142021179,0.5067869424819946,0.5064865946769714,0.5063685178756714,0.5059869289398193,0.5057302117347717,0.5053409337997437,0.5051437020301819,0.5048707127571106,0.5045819878578186,0.5044034719467163,0.5040111541748047,0.5038204789161682,0.503652811050415,0.5034653544425964,0.5031384825706482,0.5028517842292786,0.5027211904525757,0.5025755167007446,0.5021291375160217,0.5020841360092163,0.501961886882782,0.5015555024147034,0.501354455947876,0.5011910796165466,0.5008475184440613,0.5006600022315979,0.5006276965141296,0.500429630279541,0.5001367330551147,0.500002384185791,0.49973538517951965,0.49958181381225586,0.4995152950286865,0.4993910491466522,0.4992501139640808,0.49901947379112244,0.49884456396102905,0.49872028827667236,0.49856942892074585,0.4983213543891907,0.49815815687179565,0.49787700176239014,0.49772948026657104,0.49752122163772583,0.49721547961235046,0.4972018003463745,0.4971625506877899,0.4968935251235962,0.4967154562473297,0.49651986360549927,0.49640610814094543,0.49626678228378296,0.49615713953971863,0.4960719347000122,0.4959898591041565,0.49596720933914185,0.49582844972610474,0.49566295742988586,0.4954633116722107,0.49540501832962036,0.4952360987663269,0.4951387941837311,0.4950353801250458,0.4950225055217743,0.49472859501838684,0.4945203363895416,0.4943985641002655,0.49433010816574097,0.49411341547966003,0.49406352639198303,0.4940328598022461,0.49394845962524414,0.4938720166683197,0.4937223792076111,0.4935985803604126,0.4935073256492615,0.4933474063873291,0.49327000975608826,0.4932023286819458,0.493027925491333,0.49289676547050476,0.49277636408805847,0.49266713857650757,0.492571085691452,0.49253687262535095,0.4923762381076813,0.4922318756580353,0.49217933416366577,0.49209582805633545,0.49205541610717773,0.49195656180381775,0.49188709259033203,0.49168694019317627,0.49149900674819946,0.4914380609989166,0.49137046933174133,0.49122723937034607,0.49113309383392334,0.49100786447525024,0.501887857913971,0.010867021977901459,0.003462724620476365
110,0.6437264680862427,0.23658088907807368,0.5870106220245361,0.5494819283485413,0.5141811966896057,0.5144380927085876,0.5156452059745789,0.5164831280708313,0.5174945592880249,0.5177723169326782,0.5179924368858337,0.5184820294380188,0.5188942551612854,0.5193814039230347,0.5200790762901306,0.5205311179161072,0.5206578373908997,0.5209432244300842,0.5212563872337341,0.5212906002998352,0.5216249823570251,0.5218731760978699,0.5220423340797424,0.5221824049949646,0.5222474336624146,0.5225775241851807,0.5227065682411194,0.523490846157074,0.014434999786317348,0.005478347185999155,0.5684205889701843,0.5587745308876038,0.5161135792732239,0.5159875154495239,0.5170837044715881,0.5174826979637146,0.5173944234848022,0.5172709822654724,0.5171463489532471,0.5167922377586365,0.516420304775238,0.5159051418304443,0.5150446891784668,0.5144206881523132,0.5142373442649841,0.5138117671012878,0.5133259892463684,0.5132717490196228,0.5127302408218384,0.512315571308136,0.5120270252227783,0.5117846131324768,0.5116710066795349,0.5110841989517212,0.5108503699302673,0.5102872252464294,0.5101906061172485,0.5096303820610046,0.5089671015739441,0.5088267922401428,0.5084526538848877,0.5078054666519165,0.5075098872184753,0.5073935985565186,0.5070176720619202,0.5067644715309143,0.5063802599906921,0.5061854720115662,0.5059157013893127,0.5056301355361938,0.5054535269737244,0.5050650835037231,0.5048762559890747,0.5047100782394409,0.5045242309570312,0.5041999816894531,0.5039154291152954,0.5037857890129089,0.5036411285400391,0.5031975507736206,0.5031527876853943,0.5030311942100525,0.5026270151138306,0.5024269223213196,0.5022642612457275,0.501922070980072,0.5017352104187012,0.5017030239105225,0.5015056729316711,0.5012136101722717,0.5010796189308167,0.5008131861686707,0.5006599426269531,0.5005935430526733,0.500469446182251,0.5003287196159363,0.5000983476638794,0.4999237060546875,0.4997994601726532,0.49964869022369385,0.49940061569213867,0.4992375075817108,0.49895623326301575,0.4988086521625519,0.4986002445220947,0.4982941746711731,0.49828049540519714,0.4982411861419678,0.49797168374061584,0.49779337644577026,0.4975973665714264,0.49748334288597107,0.49734365940093994,0.4972337484359741,0.4971483051776886,0.49706605076789856,0.49704331159591675,0.4969042241573334,0.4967382848262787,0.496537983417511,0.49647945165634155,0.49630996584892273,0.49621230363845825,0.49610841274261475,0.4960955083370209,0.4958004355430603,0.49559128284454346,0.49546903371810913,0.4954003393650055,0.495182603597641,0.4951324462890625,0.4951016306877136,0.49501678347587585,0.49494004249572754,0.49478963017463684,0.4946651756763458,0.4945734143257141,0.4944126307964325,0.49433478713035583,0.49426671862602234,0.49409136176109314,0.4939593970775604,0.4938383102416992,0.4937284290790558,0.4936318099498749,0.4935973584651947,0.49343568086624146,0.49329036474227905,0.4932374656200409,0.4931533634662628,0.4931127429008484,0.4930132031440735,0.4929432272911072,0.49274176359176636,0.4925524890422821,0.49249106645584106,0.4924229383468628,0.49227869510650635,0.49218377470970154,0.4920576214790344,0.5028539896011353,0.010654844343662262,0.0035574990324676037
